departure_from,departure_to,availability_start,availability_end,data_generated
Almaty,Abu Dhabi,2025-03-20T07:00:00,2025-03-23T23:59:59,2025-03-20T07:00:00
Amman,Abu Dhabi,2025-03-20T07:00:00,2025-03-23T23:59:59,2025-03-20T07:00:00
Amman,Budapest,2025-03-20T07:00:00,2025-03-23T23:59:59,2025-03-20T07:00:00
Amman,London,2025-03-20T07:00:00,2025-03-23T23:59:59,2025-03-20T07:00:00
Antalya,London,2025-03-20T07:00:00,2025-03-23T23:59:59,2025-03-20T07:00:00
Athens,Bucharest,2025-03-20T07:00:00,2025-03-23T23:59:59,2025-03-20T07:00:00
Athens,Katowice,2025-03-20T07:00:00,2025-03-23T23:59:59,2025-03-20T07:00:00
Athens,Kutaisi,2025-03-20T07:00:00,2025-03-23T23:59:59,2025-03-20T07:00:00
Athens,Larnaca,2025-03-20T07:00:00,2025-03-23T23:59:59,2025-03-20T07:00:00
Athens,Tel Aviv,2025-03-20T07:00:00,2025-03-23T23:59:59,2025-03-20T07:00:00
Athens,Tirana,2025-03-20T07:00:00,2025-03-23T23:59:59,2025-03-20T07:00:00
Bacau,London,2025-03-20T07:00:00,2025-03-23T23:59:59,2025-03-20T07:00:00
Bacau,Rome,2025-03-20T07:00:00,2025-03-23T23:59:59,2025-03-20T07:00:00
Baku,Abu Dhabi,2025-03-20T07:00:00,2025-03-23T23:59:59,2025-03-20T07:00:00
Baku,Budapest,2025-03-20T07:00:00,2025-03-23T23:59:59,2025-03-20T07:00:00
Baku,Rome,2025-03-20T07:00:00,2025-03-23T23:59:59,2025-03-20T07:00:00
Banja Luka,Basel/Mulhouse,2025-03-20T07:00:00,2025-03-23T23:59:59,2025-03-20T07:00:00
Barcelona,Belgrade,2025-03-20T07:00:00,2025-03-23T23:59:59,2025-03-20T07:00:00
Barcelona,Bucharest,2025-03-20T07:00:00,2025-03-23T23:59:59,2025-03-20T07:00:00
Barcelona,Budapest,2025-03-20T07:00:00,2025-03-23T23:59:59,2025-03-20T07:00:00
Barcelona,Cluj,2025-03-20T07:00:00,2025-03-23T23:59:59,2025-03-20T07:00:00
Barcelona,Gdansk,2025-03-20T07:00:00,2025-03-23T23:59:59,2025-03-20T07:00:00
Barcelona,Iasi,2025-03-20T07:00:00,2025-03-23T23:59:59,2025-03-20T07:00:00
Barcelona,Katowice,2025-03-20T07:00:00,2025-03-23T23:59:59,2025-03-20T07:00:00
Barcelona,Krakow,2025-03-20T07:00:00,2025-03-23T23:59:59,2025-03-20T07:00:00
Barcelona,Kutaisi,2025-03-20T07:00:00,2025-03-23T23:59:59,2025-03-20T07:00:00
Barcelona,Milan,2025-03-20T07:00:00,2025-03-23T23:59:59,2025-03-20T07:00:00
Barcelona,Sofia,2025-03-20T07:00:00,2025-03-23T23:59:59,2025-03-20T07:00:00
Barcelona,Tirana,2025-03-20T07:00:00,2025-03-23T23:59:59,2025-03-20T07:00:00
Barcelona,Vienna,2025-03-20T07:00:00,2025-03-23T23:59:59,2025-03-20T07:00:00
Barcelona,Vilnius,2025-03-20T07:00:00,2025-03-23T23:59:59,2025-03-20T07:00:00
Barcelona,Warsaw,2025-03-20T07:00:00,2025-03-23T23:59:59,2025-03-20T07:00:00
Aalesund,Gdansk,2025-03-20T07:00:00,2025-03-23T23:59:59,2025-03-20T07:00:00
Aberdeen,Gdansk,2025-03-20T07:00:00,2025-03-23T23:59:59,2025-03-20T07:00:00
Abu Dhabi,Almaty,2025-03-20T07:00:00,2025-03-23T23:59:59,2025-03-20T07:00:00
Abu Dhabi,Amman,2025-03-20T07:00:00,2025-03-23T23:59:59,2025-03-20T07:00:00
Abu Dhabi,Baku,2025-03-20T07:00:00,2025-03-23T23:59:59,2025-03-20T07:00:00
Abu Dhabi,Bishkek,2025-03-20T07:00:00,2025-03-23T23:59:59,2025-03-20T07:00:00
Abu Dhabi,Bucharest,2025-03-20T07:00:00,2025-03-23T23:59:59,2025-03-20T07:00:00
Abu Dhabi,Budapest,2025-03-20T07:00:00,2025-03-23T23:59:59,2025-03-20T07:00:00
Abu Dhabi,Chisinau,2025-03-20T07:00:00,2025-03-23T23:59:59,2025-03-20T07:00:00
Abu Dhabi,Dammam,2025-03-20T07:00:00,2025-03-23T23:59:59,2025-03-20T07:00:00
Abu Dhabi,Katowice,2025-03-20T07:00:00,2025-03-23T23:59:59,2025-03-20T07:00:00
Abu Dhabi,Krakow,2025-03-20T07:00:00,2025-03-23T23:59:59,2025-03-20T07:00:00
Abu Dhabi,Kutaisi,2025-03-20T07:00:00,2025-03-23T23:59:59,2025-03-20T07:00:00
Abu Dhabi,Larnaca,2025-03-20T07:00:00,2025-03-23T23:59:59,2025-03-20T07:00:00
Abu Dhabi,Male,2025-03-20T07:00:00,2025-03-23T23:59:59,2025-03-20T07:00:00
Abu Dhabi,Nur-Sultan,2025-03-20T07:00:00,2025-03-23T23:59:59,2025-03-20T07:00:00
Abu Dhabi,Samarkand,2025-03-20T07:00:00,2025-03-23T23:59:59,2025-03-20T07:00:00
Abu Dhabi,Sofia,2025-03-20T07:00:00,2025-03-23T23:59:59,2025-03-20T07:00:00
Abu Dhabi,Sohag,2025-03-20T07:00:00,2025-03-23T23:59:59,2025-03-20T07:00:00
Abu Dhabi,Tashkent,2025-03-20T07:00:00,2025-03-23T23:59:59,2025-03-20T07:00:00
Abu Dhabi,Tel Aviv,2025-03-20T07:00:00,2025-03-23T23:59:59,2025-03-20T07:00:00
Abu Dhabi,Tirana,2025-03-20T07:00:00,2025-03-23T23:59:59,2025-03-20T07:00:00
Abu Dhabi,Turkistan,2025-03-20T07:00:00,2025-03-23T23:59:59,2025-03-20T07:00:00
Abu Dhabi,Vienna,2025-03-20T07:00:00,2025-03-23T23:59:59,2025-03-20T07:00:00
Abu Dhabi,Yerevan,2025-03-20T07:00:00,2025-03-23T23:59:59,2025-03-20T07:00:00
Agadir,London,2025-03-20T07:00:00,2025-03-23T23:59:59,2025-03-20T07:00:00
Alexandria,Abu Dhabi,2025-03-20T07:00:00,2025-03-23T23:59:59,2025-03-20T07:00:00
Alicante,Bucharest,2025-03-20T07:00:00,2025-03-23T23:59:59,2025-03-20T07:00:00
Alicante,Budapest,2025-03-20T07:00:00,2025-03-23T23:59:59,2025-03-20T07:00:00
Alicante,Gdansk,2025-03-20T07:00:00,2025-03-23T23:59:59,2025-03-20T07:00:00
Alicante,Rome,2025-03-20T07:00:00,2025-03-23T23:59:59,2025-03-20T07:00:00
Alicante,Warsaw,2025-03-20T07:00:00,2025-03-23T23:59:59,2025-03-20T07:00:00
Brussels,Bucharest,2025-03-20T07:00:00,2025-03-23T23:59:59,2025-03-20T07:00:00
Brussels,Budapest,2025-03-20T07:00:00,2025-03-23T23:59:59,2025-03-20T07:00:00
Brussels,Chisinau,2025-03-20T07:00:00,2025-03-23T23:59:59,2025-03-20T07:00:00
Brussels,Iasi,2025-03-20T07:00:00,2025-03-23T23:59:59,2025-03-20T07:00:00
Brussels,Skopje,2025-03-20T07:00:00,2025-03-23T23:59:59,2025-03-20T07:00:00
Brussels,Sofia,2025-03-20T07:00:00,2025-03-23T23:59:59,2025-03-20T07:00:00
Brussels,Timisoara,2025-03-20T07:00:00,2025-03-23T23:59:59,2025-03-20T07:00:00
Brussels,Varna,2025-03-20T07:00:00,2025-03-23T23:59:59,2025-03-20T07:00:00
Brussels,Warsaw,2025-03-20T07:00:00,2025-03-23T23:59:59,2025-03-20T07:00:00
Bucharest,Abu Dhabi,2025-03-20T07:00:00,2025-03-23T23:59:59,2025-03-20T07:00:00
Bucharest,Alicante,2025-03-20T07:00:00,2025-03-23T23:59:59,2025-03-20T07:00:00
Bucharest,Athens,2025-03-20T07:00:00,2025-03-23T23:59:59,2025-03-20T07:00:00
Bucharest,Barcelona,2025-03-20T07:00:00,2025-03-23T23:59:59,2025-03-20T07:00:00
Bucharest,Bari,2025-03-20T07:00:00,2025-03-23T23:59:59,2025-03-20T07:00:00
Bucharest,Billund,2025-03-20T07:00:00,2025-03-23T23:59:59,2025-03-20T07:00:00
Bucharest,Birmingham,2025-03-20T07:00:00,2025-03-23T23:59:59,2025-03-20T07:00:00
Bucharest,Bologna,2025-03-20T07:00:00,2025-03-23T23:59:59,2025-03-20T07:00:00
Bucharest,Brussels,2025-03-20T07:00:00,2025-03-23T23:59:59,2025-03-20T07:00:00
Bucharest,Budapest,2025-03-20T07:00:00,2025-03-23T23:59:59,2025-03-20T07:00:00
Bucharest,Castellon,2025-03-20T07:00:00,2025-03-23T23:59:59,2025-03-20T07:00:00
Bucharest,Dubai,2025-03-20T07:00:00,2025-03-23T23:59:59,2025-03-20T07:00:00
Bucharest,Eindhoven,2025-03-20T07:00:00,2025-03-23T23:59:59,2025-03-20T07:00:00
Bucharest,Jeddah,2025-03-20T07:00:00,2025-03-23T23:59:59,2025-03-20T07:00:00
Bucharest,Krakow,2025-03-20T07:00:00,2025-03-23T23:59:59,2025-03-20T07:00:00
Bucharest,Larnaca,2025-03-20T07:00:00,2025-03-23T23:59:59,2025-03-20T07:00:00
Bucharest,Leeds/Bradford,2025-03-20T07:00:00,2025-03-23T23:59:59,2025-03-20T07:00:00
Bucharest,Leipzig/Halle,2025-03-20T07:00:00,2025-03-23T23:59:59,2025-03-20T07:00:00
Bucharest,Liverpool,2025-03-20T07:00:00,2025-03-23T23:59:59,2025-03-20T07:00:00
Bucharest,London,2025-03-20T07:00:00,2025-03-23T23:59:59,2025-03-20T07:00:00
Bucharest,Lyon,2025-03-20T07:00:00,2025-03-23T23:59:59,2025-03-20T07:00:00
Bucharest,Madrid,2025-03-20T07:00:00,2025-03-23T23:59:59,2025-03-20T07:00:00
Bucharest,Malaga,2025-03-20T07:00:00,2025-03-23T23:59:59,2025-03-20T07:00:00
Bucharest,Malta,2025-03-20T07:00:00,2025-03-23T23:59:59,2025-03-20T07:00:00
Bucharest,Milan,2025-03-20T07:00:00,2025-03-23T23:59:59,2025-03-20T07:00:00
Bucharest,Naples,2025-03-20T07:00:00,2025-03-23T23:59:59,2025-03-20T07:00:00
Bucharest,Nuremberg,2025-03-20T07:00:00,2025-03-23T23:59:59,2025-03-20T07:00:00
Bucharest,Pisa,2025-03-20T07:00:00,2025-03-23T23:59:59,2025-03-20T07:00:00
Bucharest,Salerno,2025-03-20T07:00:00,2025-03-23T23:59:59,2025-03-20T07:00:00
Bucharest,Sevilla,2025-03-20T07:00:00,2025-03-23T23:59:59,2025-03-20T07:00:00
Bucharest,Stockholm,2025-03-20T07:00:00,2025-03-23T23:59:59,2025-03-20T07:00:00
Bucharest,Tel Aviv,2025-03-20T07:00:00,2025-03-23T23:59:59,2025-03-20T07:00:00
Bucharest,Tenerife,2025-03-20T07:00:00,2025-03-23T23:59:59,2025-03-20T07:00:00
Bucharest,Trieste,2025-03-20T07:00:00,2025-03-23T23:59:59,2025-03-20T07:00:00
Bucharest,Turin,2025-03-20T07:00:00,2025-03-23T23:59:59,2025-03-20T07:00:00
Bucharest,Valencia,2025-03-20T07:00:00,2025-03-23T23:59:59,2025-03-20T07:00:00
Bucharest,Venice,2025-03-20T07:00:00,2025-03-23T23:59:59,2025-03-20T07:00:00
Budapest,Abu Dhabi,2025-03-20T07:00:00,2025-03-23T23:59:59,2025-03-20T07:00:00
Budapest,Alicante,2025-03-20T07:00:00,2025-03-23T23:59:59,2025-03-20T07:00:00
Barcelona,Wroclaw,2025-03-20T07:00:00,2025-03-23T23:59:59,2025-03-20T07:00:00
Bari,Bucharest,2025-03-20T07:00:00,2025-03-23T23:59:59,2025-03-20T07:00:00
Bari,Budapest,2025-03-20T07:00:00,2025-03-23T23:59:59,2025-03-20T07:00:00
Bari,Sofia,2025-03-20T07:00:00,2025-03-23T23:59:59,2025-03-20T07:00:00
Bari,Timisoara,2025-03-20T07:00:00,2025-03-23T23:59:59,2025-03-20T07:00:00
Bari,Tirana,2025-03-20T07:00:00,2025-03-23T23:59:59,2025-03-20T07:00:00
Bari,Warsaw,2025-03-20T07:00:00,2025-03-23T23:59:59,2025-03-20T07:00:00
Bari,Wroclaw,2025-03-20T07:00:00,2025-03-23T23:59:59,2025-03-20T07:00:00
Basel/Mulhouse,Banja Luka,2025-03-20T07:00:00,2025-03-23T23:59:59,2025-03-20T07:00:00
Basel/Mulhouse,Belgrade,2025-03-20T07:00:00,2025-03-23T23:59:59,2025-03-20T07:00:00
Basel/Mulhouse,Bucharest,2025-03-20T07:00:00,2025-03-23T23:59:59,2025-03-20T07:00:00
Basel/Mulhouse,Budapest,2025-03-20T07:00:00,2025-03-23T23:59:59,2025-03-20T07:00:00
Basel/Mulhouse,Cluj,2025-03-20T07:00:00,2025-03-23T23:59:59,2025-03-20T07:00:00
Basel/Mulhouse,Sofia,2025-03-20T07:00:00,2025-03-23T23:59:59,2025-03-20T07:00:00
Basel/Mulhouse,Tuzla,2025-03-20T07:00:00,2025-03-23T23:59:59,2025-03-20T07:00:00
Basel/Mulhouse,Warsaw,2025-03-20T07:00:00,2025-03-23T23:59:59,2025-03-20T07:00:00
Belgrade,Abu Dhabi,2025-03-20T07:00:00,2025-03-23T23:59:59,2025-03-20T07:00:00
Belgrade,Basel/Mulhouse,2025-03-20T07:00:00,2025-03-23T23:59:59,2025-03-20T07:00:00
Belgrade,Berlin,2025-03-20T07:00:00,2025-03-23T23:59:59,2025-03-20T07:00:00
Belgrade,Copenhagen,2025-03-20T07:00:00,2025-03-23T23:59:59,2025-03-20T07:00:00
Belgrade,Dortmund,2025-03-20T07:00:00,2025-03-23T23:59:59,2025-03-20T07:00:00
Belgrade,Eindhoven,2025-03-20T07:00:00,2025-03-23T23:59:59,2025-03-20T07:00:00
Belgrade,Gothenburg,2025-03-20T07:00:00,2025-03-23T23:59:59,2025-03-20T07:00:00
Belgrade,Hamburg,2025-03-20T07:00:00,2025-03-23T23:59:59,2025-03-20T07:00:00
Belgrade,Karlsruhe/Baden-Baden,2025-03-20T07:00:00,2025-03-23T23:59:59,2025-03-20T07:00:00
Belgrade,Larnaca,2025-03-20T07:00:00,2025-03-23T23:59:59,2025-03-20T07:00:00
Belgrade,London,2025-03-20T07:00:00,2025-03-23T23:59:59,2025-03-20T07:00:00
Belgrade,Malmo,2025-03-20T07:00:00,2025-03-23T23:59:59,2025-03-20T07:00:00
Belgrade,Memmingen,2025-03-20T07:00:00,2025-03-23T23:59:59,2025-03-20T07:00:00
Belgrade,Nice,2025-03-20T07:00:00,2025-03-23T23:59:59,2025-03-20T07:00:00
Belgrade,Paris,2025-03-20T07:00:00,2025-03-23T23:59:59,2025-03-20T07:00:00
Belgrade,Stockholm,2025-03-20T07:00:00,2025-03-23T23:59:59,2025-03-20T07:00:00
Bergen,Gdansk,2025-03-20T07:00:00,2025-03-23T23:59:59,2025-03-20T07:00:00
Berlin,Chisinau,2025-03-20T07:00:00,2025-03-23T23:59:59,2025-03-20T07:00:00
Berlin,Kutaisi,2025-03-20T07:00:00,2025-03-23T23:59:59,2025-03-20T07:00:00
Bilbao,Vienna,2025-03-20T07:00:00,2025-03-23T23:59:59,2025-03-20T07:00:00
Billund,Bucharest,2025-03-20T07:00:00,2025-03-23T23:59:59,2025-03-20T07:00:00
Bishkek,Abu Dhabi,2025-03-20T07:00:00,2025-03-23T23:59:59,2025-03-20T07:00:00
Bologna,Bucharest,2025-03-20T07:00:00,2025-03-23T23:59:59,2025-03-20T07:00:00
Bologna,Cluj,2025-03-20T07:00:00,2025-03-23T23:59:59,2025-03-20T07:00:00
Bologna,Craiova,2025-03-20T07:00:00,2025-03-23T23:59:59,2025-03-20T07:00:00
Bologna,Iasi,2025-03-20T07:00:00,2025-03-23T23:59:59,2025-03-20T07:00:00
Bologna,Krakow,2025-03-20T07:00:00,2025-03-23T23:59:59,2025-03-20T07:00:00
Bologna,Skopje,2025-03-20T07:00:00,2025-03-23T23:59:59,2025-03-20T07:00:00
Bologna,Sofia,2025-03-20T07:00:00,2025-03-23T23:59:59,2025-03-20T07:00:00
Bologna,Timisoara,2025-03-20T07:00:00,2025-03-23T23:59:59,2025-03-20T07:00:00
Bologna,Tirana,2025-03-20T07:00:00,2025-03-23T23:59:59,2025-03-20T07:00:00
Bratislava,London,2025-03-20T07:00:00,2025-03-23T23:59:59,2025-03-20T07:00:00
Budapest,Yerevan,2025-03-20T07:00:00,2025-03-23T23:59:59,2025-03-20T07:00:00
Catania,Bucharest,2025-03-20T07:00:00,2025-03-23T23:59:59,2025-03-20T07:00:00
Catania,Budapest,2025-03-20T07:00:00,2025-03-23T23:59:59,2025-03-20T07:00:00
Catania,Katowice,2025-03-20T07:00:00,2025-03-23T23:59:59,2025-03-20T07:00:00
Catania,Prague,2025-03-20T07:00:00,2025-03-23T23:59:59,2025-03-20T07:00:00
Catania,Sharm el-Sheikh,2025-03-20T07:00:00,2025-03-23T23:59:59,2025-03-20T07:00:00
Catania,Sofia,2025-03-20T07:00:00,2025-03-23T23:59:59,2025-03-20T07:00:00
Catania,Tirana,2025-03-20T07:00:00,2025-03-23T23:59:59,2025-03-20T07:00:00
Catania,Warsaw,2025-03-20T07:00:00,2025-03-23T23:59:59,2025-03-20T07:00:00
Chisinau,Abu Dhabi,2025-03-20T07:00:00,2025-03-23T23:59:59,2025-03-20T07:00:00
Chisinau,Budapest,2025-03-20T07:00:00,2025-03-23T23:59:59,2025-03-20T07:00:00
Chisinau,Dortmund,2025-03-20T07:00:00,2025-03-23T23:59:59,2025-03-20T07:00:00
Chisinau,Memmingen,2025-03-20T07:00:00,2025-03-23T23:59:59,2025-03-20T07:00:00
Chisinau,Rome,2025-03-20T07:00:00,2025-03-23T23:59:59,2025-03-20T07:00:00
Chisinau,Venice,2025-03-20T07:00:00,2025-03-23T23:59:59,2025-03-20T07:00:00
Chisinau,Verona,2025-03-20T07:00:00,2025-03-23T23:59:59,2025-03-20T07:00:00
Chisinau,Vienna,2025-03-20T07:00:00,2025-03-23T23:59:59,2025-03-20T07:00:00
Cluj,Alicante,2025-03-20T07:00:00,2025-03-23T23:59:59,2025-03-20T07:00:00
Cluj,Barcelona,2025-03-20T07:00:00,2025-03-23T23:59:59,2025-03-20T07:00:00
Cluj,Basel/Mulhouse,2025-03-20T07:00:00,2025-03-23T23:59:59,2025-03-20T07:00:00
Cluj,Bologna,2025-03-20T07:00:00,2025-03-23T23:59:59,2025-03-20T07:00:00
Cluj,Leeds/Bradford,2025-03-20T07:00:00,2025-03-23T23:59:59,2025-03-20T07:00:00
Cluj,Lisbon,2025-03-20T07:00:00,2025-03-23T23:59:59,2025-03-20T07:00:00
Cluj,London,2025-03-20T07:00:00,2025-03-23T23:59:59,2025-03-20T07:00:00
Cluj,Madrid,2025-03-20T07:00:00,2025-03-23T23:59:59,2025-03-20T07:00:00
Cluj,Malaga,2025-03-20T07:00:00,2025-03-23T23:59:59,2025-03-20T07:00:00
Cluj,Memmingen,2025-03-20T07:00:00,2025-03-23T23:59:59,2025-03-20T07:00:00
Cluj,Paris,2025-03-20T07:00:00,2025-03-23T23:59:59,2025-03-20T07:00:00
Cluj,Rome,2025-03-20T07:00:00,2025-03-23T23:59:59,2025-03-20T07:00:00
Cluj,Venice,2025-03-20T07:00:00,2025-03-23T23:59:59,2025-03-20T07:00:00
Copenhagen,Budapest,2025-03-20T07:00:00,2025-03-23T23:59:59,2025-03-20T07:00:00
Copenhagen,Gdansk,2025-03-20T07:00:00,2025-03-23T23:59:59,2025-03-20T07:00:00
Copenhagen,Warsaw,2025-03-20T07:00:00,2025-03-23T23:59:59,2025-03-20T07:00:00
Dammam,Abu Dhabi,2025-03-20T07:00:00,2025-03-23T23:59:59,2025-03-20T07:00:00
Debrecen,London,2025-03-20T07:00:00,2025-03-23T23:59:59,2025-03-20T07:00:00
Dortmund,Belgrade,2025-03-20T07:00:00,2025-03-23T23:59:59,2025-03-20T07:00:00
Dortmund,Brasov,2025-03-20T07:00:00,2025-03-23T23:59:59,2025-03-20T07:00:00
Dortmund,Bucharest,2025-03-20T07:00:00,2025-03-23T23:59:59,2025-03-20T07:00:00
Dortmund,Budapest,2025-03-20T07:00:00,2025-03-23T23:59:59,2025-03-20T07:00:00
Dortmund,Chisinau,2025-03-20T07:00:00,2025-03-23T23:59:59,2025-03-20T07:00:00
Dortmund,Cluj,2025-03-20T07:00:00,2025-03-23T23:59:59,2025-03-20T07:00:00
Dortmund,Iasi,2025-03-20T07:00:00,2025-03-23T23:59:59,2025-03-20T07:00:00
Dortmund,Katowice,2025-03-20T07:00:00,2025-03-23T23:59:59,2025-03-20T07:00:00
Dortmund,Kutaisi,2025-03-20T07:00:00,2025-03-23T23:59:59,2025-03-20T07:00:00
Dortmund,Ohrid,2025-03-20T07:00:00,2025-03-23T23:59:59,2025-03-20T07:00:00
Dortmund,Sibiu,2025-03-20T07:00:00,2025-03-23T23:59:59,2025-03-20T07:00:00
Dortmund,Skopje,2025-03-20T07:00:00,2025-03-23T23:59:59,2025-03-20T07:00:00
Dortmund,Sofia,2025-03-20T07:00:00,2025-03-23T23:59:59,2025-03-20T07:00:00
Budapest,Athens,2025-03-20T07:00:00,2025-03-23T23:59:59,2025-03-20T07:00:00
Budapest,Baku,2025-03-20T07:00:00,2025-03-23T23:59:59,2025-03-20T07:00:00
Budapest,Barcelona,2025-03-20T07:00:00,2025-03-23T23:59:59,2025-03-20T07:00:00
Budapest,Bari,2025-03-20T07:00:00,2025-03-23T23:59:59,2025-03-20T07:00:00
Budapest,Basel/Mulhouse,2025-03-20T07:00:00,2025-03-23T23:59:59,2025-03-20T07:00:00
Budapest,Berlin,2025-03-20T07:00:00,2025-03-23T23:59:59,2025-03-20T07:00:00
Budapest,Birmingham,2025-03-20T07:00:00,2025-03-23T23:59:59,2025-03-20T07:00:00
Budapest,Brasov,2025-03-20T07:00:00,2025-03-23T23:59:59,2025-03-20T07:00:00
Budapest,Brussels,2025-03-20T07:00:00,2025-03-23T23:59:59,2025-03-20T07:00:00
Budapest,Bucharest,2025-03-20T07:00:00,2025-03-23T23:59:59,2025-03-20T07:00:00
Budapest,Catania,2025-03-20T07:00:00,2025-03-23T23:59:59,2025-03-20T07:00:00
Budapest,Chisinau,2025-03-20T07:00:00,2025-03-23T23:59:59,2025-03-20T07:00:00
Budapest,Copenhagen,2025-03-20T07:00:00,2025-03-23T23:59:59,2025-03-20T07:00:00
Budapest,Dortmund,2025-03-20T07:00:00,2025-03-23T23:59:59,2025-03-20T07:00:00
Budapest,Dubai,2025-03-20T07:00:00,2025-03-23T23:59:59,2025-03-20T07:00:00
Budapest,Eindhoven,2025-03-20T07:00:00,2025-03-23T23:59:59,2025-03-20T07:00:00
Budapest,Genoa,2025-03-20T07:00:00,2025-03-23T23:59:59,2025-03-20T07:00:00
Budapest,Giza,2025-03-20T07:00:00,2025-03-23T23:59:59,2025-03-20T07:00:00
Budapest,Glasgow,2025-03-20T07:00:00,2025-03-23T23:59:59,2025-03-20T07:00:00
Budapest,Gran Canaria,2025-03-20T07:00:00,2025-03-23T23:59:59,2025-03-20T07:00:00
Budapest,Hurghada,2025-03-20T07:00:00,2025-03-23T23:59:59,2025-03-20T07:00:00
Budapest,Istanbul,2025-03-20T07:00:00,2025-03-23T23:59:59,2025-03-20T07:00:00
Budapest,Kutaisi,2025-03-20T07:00:00,2025-03-23T23:59:59,2025-03-20T07:00:00
Budapest,Larnaca,2025-03-20T07:00:00,2025-03-23T23:59:59,2025-03-20T07:00:00
Budapest,Lisbon,2025-03-20T07:00:00,2025-03-23T23:59:59,2025-03-20T07:00:00
Budapest,Liverpool,2025-03-20T07:00:00,2025-03-23T23:59:59,2025-03-20T07:00:00
Budapest,London,2025-03-20T07:00:00,2025-03-23T23:59:59,2025-03-20T07:00:00
Budapest,Madeira,2025-03-20T07:00:00,2025-03-23T23:59:59,2025-03-20T07:00:00
Budapest,Malaga,2025-03-20T07:00:00,2025-03-23T23:59:59,2025-03-20T07:00:00
Budapest,Malta,2025-03-20T07:00:00,2025-03-23T23:59:59,2025-03-20T07:00:00
Budapest,Marrakech,2025-03-20T07:00:00,2025-03-23T23:59:59,2025-03-20T07:00:00
Budapest,Memmingen,2025-03-20T07:00:00,2025-03-23T23:59:59,2025-03-20T07:00:00
Budapest,Milan,2025-03-20T07:00:00,2025-03-23T23:59:59,2025-03-20T07:00:00
Budapest,Naples,2025-03-20T07:00:00,2025-03-23T23:59:59,2025-03-20T07:00:00
Budapest,Nice,2025-03-20T07:00:00,2025-03-23T23:59:59,2025-03-20T07:00:00
Budapest,Podgorica,2025-03-20T07:00:00,2025-03-23T23:59:59,2025-03-20T07:00:00
Budapest,Reykjavik,2025-03-20T07:00:00,2025-03-23T23:59:59,2025-03-20T07:00:00
Budapest,Riyadh,2025-03-20T07:00:00,2025-03-23T23:59:59,2025-03-20T07:00:00
Budapest,Rome,2025-03-20T07:00:00,2025-03-23T23:59:59,2025-03-20T07:00:00
Budapest,Stuttgart,2025-03-20T07:00:00,2025-03-23T23:59:59,2025-03-20T07:00:00
Budapest,Targu-Mures,2025-03-20T07:00:00,2025-03-23T23:59:59,2025-03-20T07:00:00
Budapest,Tel Aviv,2025-03-20T07:00:00,2025-03-23T23:59:59,2025-03-20T07:00:00
Budapest,Tenerife,2025-03-20T07:00:00,2025-03-23T23:59:59,2025-03-20T07:00:00
Budapest,Thessaloniki,2025-03-20T07:00:00,2025-03-23T23:59:59,2025-03-20T07:00:00
Budapest,Tirana,2025-03-20T07:00:00,2025-03-23T23:59:59,2025-03-20T07:00:00
Budapest,Valencia,2025-03-20T07:00:00,2025-03-23T23:59:59,2025-03-20T07:00:00
Budapest,Venice,2025-03-20T07:00:00,2025-03-23T23:59:59,2025-03-20T07:00:00
Budapest,Warsaw,2025-03-20T07:00:00,2025-03-23T23:59:59,2025-03-20T07:00:00
Giza,Budapest,2025-03-20T07:00:00,2025-03-23T23:59:59,2025-03-20T07:00:00
Giza,London,2025-03-20T07:00:00,2025-03-23T23:59:59,2025-03-20T07:00:00
Giza,Milan,2025-03-20T07:00:00,2025-03-23T23:59:59,2025-03-20T07:00:00
Giza,Rome,2025-03-20T07:00:00,2025-03-23T23:59:59,2025-03-20T07:00:00
Glasgow,Budapest,2025-03-20T07:00:00,2025-03-23T23:59:59,2025-03-20T07:00:00
Gothenburg,Gdansk,2025-03-20T07:00:00,2025-03-23T23:59:59,2025-03-20T07:00:00
Gran Canaria,Budapest,2025-03-20T07:00:00,2025-03-23T23:59:59,2025-03-20T07:00:00
Gran Canaria,Rome,2025-03-20T07:00:00,2025-03-23T23:59:59,2025-03-20T07:00:00
Hamburg,Bucharest,2025-03-20T07:00:00,2025-03-23T23:59:59,2025-03-20T07:00:00
Hamburg,Gdansk,2025-03-20T07:00:00,2025-03-23T23:59:59,2025-03-20T07:00:00
Hamburg,Sofia,2025-03-20T07:00:00,2025-03-23T23:59:59,2025-03-20T07:00:00
Hamburg,Tirana,2025-03-20T07:00:00,2025-03-23T23:59:59,2025-03-20T07:00:00
Hamburg,Varna,2025-03-20T07:00:00,2025-03-23T23:59:59,2025-03-20T07:00:00
Haugesund,Gdansk,2025-03-20T07:00:00,2025-03-23T23:59:59,2025-03-20T07:00:00
Hurghada,Budapest,2025-03-20T07:00:00,2025-03-23T23:59:59,2025-03-20T07:00:00
Hurghada,London,2025-03-20T07:00:00,2025-03-23T23:59:59,2025-03-20T07:00:00
Hurghada,Milan,2025-03-20T07:00:00,2025-03-23T23:59:59,2025-03-20T07:00:00
Hurghada,Vienna,2025-03-20T07:00:00,2025-03-23T23:59:59,2025-03-20T07:00:00
Iasi,Istanbul,2025-03-20T07:00:00,2025-03-23T23:59:59,2025-03-20T07:00:00
Iasi,London,2025-03-20T07:00:00,2025-03-23T23:59:59,2025-03-20T07:00:00
Iasi,Malmo,2025-03-20T07:00:00,2025-03-23T23:59:59,2025-03-20T07:00:00
Iasi,Memmingen,2025-03-20T07:00:00,2025-03-23T23:59:59,2025-03-20T07:00:00
Iasi,Milan,2025-03-20T07:00:00,2025-03-23T23:59:59,2025-03-20T07:00:00
Iasi,Rome,2025-03-20T07:00:00,2025-03-23T23:59:59,2025-03-20T07:00:00
Iasi,Turin,2025-03-20T07:00:00,2025-03-23T23:59:59,2025-03-20T07:00:00
Iasi,Venice,2025-03-20T07:00:00,2025-03-23T23:59:59,2025-03-20T07:00:00
Istanbul,Iasi,2025-03-20T07:00:00,2025-03-23T23:59:59,2025-03-20T07:00:00
Istanbul,London,2025-03-20T07:00:00,2025-03-23T23:59:59,2025-03-20T07:00:00
Jeddah,Bucharest,2025-03-20T07:00:00,2025-03-23T23:59:59,2025-03-20T07:00:00
Jeddah,Budapest,2025-03-20T07:00:00,2025-03-23T23:59:59,2025-03-20T07:00:00
Jeddah,Milan,2025-03-20T07:00:00,2025-03-23T23:59:59,2025-03-20T07:00:00
Jeddah,Rome,2025-03-20T07:00:00,2025-03-23T23:59:59,2025-03-20T07:00:00
Jeddah,Vienna,2025-03-20T07:00:00,2025-03-23T23:59:59,2025-03-20T07:00:00
Karlsruhe/Baden-Baden,Sibiu,2025-03-20T07:00:00,2025-03-23T23:59:59,2025-03-20T07:00:00
Karlsruhe/Baden-Baden,Timisoara,2025-03-20T07:00:00,2025-03-23T23:59:59,2025-03-20T07:00:00
Katowice,Abu Dhabi,2025-03-20T07:00:00,2025-03-23T23:59:59,2025-03-20T07:00:00
Katowice,Athens,2025-03-20T07:00:00,2025-03-23T23:59:59,2025-03-20T07:00:00
Katowice,Barcelona,2025-03-20T07:00:00,2025-03-23T23:59:59,2025-03-20T07:00:00
Katowice,Dortmund,2025-03-20T07:00:00,2025-03-23T23:59:59,2025-03-20T07:00:00
Katowice,Fuerteventura,2025-03-20T07:00:00,2025-03-23T23:59:59,2025-03-20T07:00:00
Katowice,Kutaisi,2025-03-20T07:00:00,2025-03-23T23:59:59,2025-03-20T07:00:00
Katowice,London,2025-03-20T07:00:00,2025-03-23T23:59:59,2025-03-20T07:00:00
Katowice,Madeira,2025-03-20T07:00:00,2025-03-23T23:59:59,2025-03-20T07:00:00
Katowice,Malta,2025-03-20T07:00:00,2025-03-23T23:59:59,2025-03-20T07:00:00
Katowice,Naples,2025-03-20T07:00:00,2025-03-23T23:59:59,2025-03-20T07:00:00
Katowice,Reykjavik,2025-03-20T07:00:00,2025-03-23T23:59:59,2025-03-20T07:00:00
Katowice,Rome,2025-03-20T07:00:00,2025-03-23T23:59:59,2025-03-20T07:00:00
Katowice,Tenerife,2025-03-20T07:00:00,2025-03-23T23:59:59,2025-03-20T07:00:00
Dortmund,Suceava,2025-03-20T07:00:00,2025-03-23T23:59:59,2025-03-20T07:00:00
Dortmund,Timisoara,2025-03-20T07:00:00,2025-03-23T23:59:59,2025-03-20T07:00:00
Dortmund,Tirana,2025-03-20T07:00:00,2025-03-23T23:59:59,2025-03-20T07:00:00
Dortmund,Tuzla,2025-03-20T07:00:00,2025-03-23T23:59:59,2025-03-20T07:00:00
Dortmund,Vilnius,2025-03-20T07:00:00,2025-03-23T23:59:59,2025-03-20T07:00:00
Dubai,Bucharest,2025-03-20T07:00:00,2025-03-23T23:59:59,2025-03-20T07:00:00
Dubai,Budapest,2025-03-20T07:00:00,2025-03-23T23:59:59,2025-03-20T07:00:00
Eindhoven,Belgrade,2025-03-20T07:00:00,2025-03-23T23:59:59,2025-03-20T07:00:00
Eindhoven,Bucharest,2025-03-20T07:00:00,2025-03-23T23:59:59,2025-03-20T07:00:00
Eindhoven,Budapest,2025-03-20T07:00:00,2025-03-23T23:59:59,2025-03-20T07:00:00
Eindhoven,Cluj,2025-03-20T07:00:00,2025-03-23T23:59:59,2025-03-20T07:00:00
Eindhoven,Gdansk,2025-03-20T07:00:00,2025-03-23T23:59:59,2025-03-20T07:00:00
Eindhoven,Iasi,2025-03-20T07:00:00,2025-03-23T23:59:59,2025-03-20T07:00:00
Eindhoven,Skopje,2025-03-20T07:00:00,2025-03-23T23:59:59,2025-03-20T07:00:00
Eindhoven,Tirana,2025-03-20T07:00:00,2025-03-23T23:59:59,2025-03-20T07:00:00
Eindhoven,Varna,2025-03-20T07:00:00,2025-03-23T23:59:59,2025-03-20T07:00:00
Eindhoven,Vilnius,2025-03-20T07:00:00,2025-03-23T23:59:59,2025-03-20T07:00:00
Eindhoven,Warsaw,2025-03-20T07:00:00,2025-03-23T23:59:59,2025-03-20T07:00:00
Frankfurt,Cluj,2025-03-20T07:00:00,2025-03-23T23:59:59,2025-03-20T07:00:00
Frankfurt,Kutaisi,2025-03-20T07:00:00,2025-03-23T23:59:59,2025-03-20T07:00:00
Frankfurt,Sofia,2025-03-20T07:00:00,2025-03-23T23:59:59,2025-03-20T07:00:00
Fuerteventura,Katowice,2025-03-20T07:00:00,2025-03-23T23:59:59,2025-03-20T07:00:00
Fuerteventura,Warsaw,2025-03-20T07:00:00,2025-03-23T23:59:59,2025-03-20T07:00:00
Gdansk,Aalesund,2025-03-20T07:00:00,2025-03-23T23:59:59,2025-03-20T07:00:00
Gdansk,Aberdeen,2025-03-20T07:00:00,2025-03-23T23:59:59,2025-03-20T07:00:00
Gdansk,Barcelona,2025-03-20T07:00:00,2025-03-23T23:59:59,2025-03-20T07:00:00
Gdansk,Bergen,2025-03-20T07:00:00,2025-03-23T23:59:59,2025-03-20T07:00:00
Gdansk,Copenhagen,2025-03-20T07:00:00,2025-03-23T23:59:59,2025-03-20T07:00:00
Gdansk,Dortmund,2025-03-20T07:00:00,2025-03-23T23:59:59,2025-03-20T07:00:00
Gdansk,Gothenburg,2025-03-20T07:00:00,2025-03-23T23:59:59,2025-03-20T07:00:00
Gdansk,Haugesund,2025-03-20T07:00:00,2025-03-23T23:59:59,2025-03-20T07:00:00
Gdansk,Larnaca,2025-03-20T07:00:00,2025-03-23T23:59:59,2025-03-20T07:00:00
Gdansk,Leeds/Bradford,2025-03-20T07:00:00,2025-03-23T23:59:59,2025-03-20T07:00:00
Gdansk,Liverpool,2025-03-20T07:00:00,2025-03-23T23:59:59,2025-03-20T07:00:00
Gdansk,London,2025-03-20T07:00:00,2025-03-23T23:59:59,2025-03-20T07:00:00
Gdansk,Madeira,2025-03-20T07:00:00,2025-03-23T23:59:59,2025-03-20T07:00:00
Gdansk,Milan,2025-03-20T07:00:00,2025-03-23T23:59:59,2025-03-20T07:00:00
Gdansk,Oslo,2025-03-20T07:00:00,2025-03-23T23:59:59,2025-03-20T07:00:00
Gdansk,Reykjavik,2025-03-20T07:00:00,2025-03-23T23:59:59,2025-03-20T07:00:00
Gdansk,Rome,2025-03-20T07:00:00,2025-03-23T23:59:59,2025-03-20T07:00:00
Gdansk,Stavanger,2025-03-20T07:00:00,2025-03-23T23:59:59,2025-03-20T07:00:00
Gdansk,Stockholm,2025-03-20T07:00:00,2025-03-23T23:59:59,2025-03-20T07:00:00
Gdansk,Tromso,2025-03-20T07:00:00,2025-03-23T23:59:59,2025-03-20T07:00:00
Gdansk,Turku,2025-03-20T07:00:00,2025-03-23T23:59:59,2025-03-20T07:00:00
Gdansk,Verona,2025-03-20T07:00:00,2025-03-23T23:59:59,2025-03-20T07:00:00
Genoa,Budapest,2025-03-20T07:00:00,2025-03-23T23:59:59,2025-03-20T07:00:00
Genoa,Tirana,2025-03-20T07:00:00,2025-03-23T23:59:59,2025-03-20T07:00:00
Giza,Abu Dhabi,2025-03-20T07:00:00,2025-03-23T23:59:59,2025-03-20T07:00:00
Larnaca,Vilnius,2025-03-20T07:00:00,2025-03-23T23:59:59,2025-03-20T07:00:00
Larnaca,Warsaw,2025-03-20T07:00:00,2025-03-23T23:59:59,2025-03-20T07:00:00
Larnaca,Wroclaw,2025-03-20T07:00:00,2025-03-23T23:59:59,2025-03-20T07:00:00
Larnaca,Yerevan,2025-03-20T07:00:00,2025-03-23T23:59:59,2025-03-20T07:00:00
Leeds/Bradford,Warsaw,2025-03-20T07:00:00,2025-03-23T23:59:59,2025-03-20T07:00:00
Leipzig/Halle,Bucharest,2025-03-20T07:00:00,2025-03-23T23:59:59,2025-03-20T07:00:00
Leipzig/Halle,Tirana,2025-03-20T07:00:00,2025-03-23T23:59:59,2025-03-20T07:00:00
Lisbon,Belgrade,2025-03-20T07:00:00,2025-03-23T23:59:59,2025-03-20T07:00:00
Lisbon,Bucharest,2025-03-20T07:00:00,2025-03-23T23:59:59,2025-03-20T07:00:00
Lisbon,Budapest,2025-03-20T07:00:00,2025-03-23T23:59:59,2025-03-20T07:00:00
Lisbon,Cluj,2025-03-20T07:00:00,2025-03-23T23:59:59,2025-03-20T07:00:00
Lisbon,Rome,2025-03-20T07:00:00,2025-03-23T23:59:59,2025-03-20T07:00:00
Lisbon,Warsaw,2025-03-20T07:00:00,2025-03-23T23:59:59,2025-03-20T07:00:00
Liverpool,Bucharest,2025-03-20T07:00:00,2025-03-23T23:59:59,2025-03-20T07:00:00
Liverpool,Budapest,2025-03-20T07:00:00,2025-03-23T23:59:59,2025-03-20T07:00:00
Liverpool,Gdansk,2025-03-20T07:00:00,2025-03-23T23:59:59,2025-03-20T07:00:00
Liverpool,Katowice,2025-03-20T07:00:00,2025-03-23T23:59:59,2025-03-20T07:00:00
Liverpool,Warsaw,2025-03-20T07:00:00,2025-03-23T23:59:59,2025-03-20T07:00:00
Ljubljana,Skopje,2025-03-20T07:00:00,2025-03-23T23:59:59,2025-03-20T07:00:00
London,Agadir,2025-03-20T07:00:00,2025-03-23T23:59:59,2025-03-20T07:00:00
London,Antalya,2025-03-20T07:00:00,2025-03-23T23:59:59,2025-03-20T07:00:00
London,Athens,2025-03-20T07:00:00,2025-03-23T23:59:59,2025-03-20T07:00:00
London,Bacau,2025-03-20T07:00:00,2025-03-23T23:59:59,2025-03-20T07:00:00
London,Belgrade,2025-03-20T07:00:00,2025-03-23T23:59:59,2025-03-20T07:00:00
London,Brasov,2025-03-20T07:00:00,2025-03-23T23:59:59,2025-03-20T07:00:00
London,Bratislava,2025-03-20T07:00:00,2025-03-23T23:59:59,2025-03-20T07:00:00
London,Bucharest,2025-03-20T07:00:00,2025-03-23T23:59:59,2025-03-20T07:00:00
London,Budapest,2025-03-20T07:00:00,2025-03-23T23:59:59,2025-03-20T07:00:00
London,Cluj,2025-03-20T07:00:00,2025-03-23T23:59:59,2025-03-20T07:00:00
London,Constanta,2025-03-20T07:00:00,2025-03-23T23:59:59,2025-03-20T07:00:00
London,Craiova,2025-03-20T07:00:00,2025-03-23T23:59:59,2025-03-20T07:00:00
London,Debrecen,2025-03-20T07:00:00,2025-03-23T23:59:59,2025-03-20T07:00:00
London,Gdansk,2025-03-20T07:00:00,2025-03-23T23:59:59,2025-03-20T07:00:00
London,Iasi,2025-03-20T07:00:00,2025-03-23T23:59:59,2025-03-20T07:00:00
London,Istanbul,2025-03-20T07:00:00,2025-03-23T23:59:59,2025-03-20T07:00:00
London,Katowice,2025-03-20T07:00:00,2025-03-23T23:59:59,2025-03-20T07:00:00
London,Kaunas,2025-03-20T07:00:00,2025-03-23T23:59:59,2025-03-20T07:00:00
London,Krakow,2025-03-20T07:00:00,2025-03-23T23:59:59,2025-03-20T07:00:00
London,Lublin,2025-03-20T07:00:00,2025-03-23T23:59:59,2025-03-20T07:00:00
London,Lyon,2025-03-20T07:00:00,2025-03-23T23:59:59,2025-03-20T07:00:00
London,Malaga,2025-03-20T07:00:00,2025-03-23T23:59:59,2025-03-20T07:00:00
London,Marrakech,2025-03-20T07:00:00,2025-03-23T23:59:59,2025-03-20T07:00:00
London,Milan,2025-03-20T07:00:00,2025-03-23T23:59:59,2025-03-20T07:00:00
London,Poprad/Tatry,2025-03-20T07:00:00,2025-03-23T23:59:59,2025-03-20T07:00:00
London,Poznan,2025-03-20T07:00:00,2025-03-23T23:59:59,2025-03-20T07:00:00
London,Prague,2025-03-20T07:00:00,2025-03-23T23:59:59,2025-03-20T07:00:00
London,Rome,2025-03-20T07:00:00,2025-03-23T23:59:59,2025-03-20T07:00:00
London,Salzburg,2025-03-20T07:00:00,2025-03-23T23:59:59,2025-03-20T07:00:00
Kaunas,London,2025-03-20T07:00:00,2025-03-23T23:59:59,2025-03-20T07:00:00
Kosice,London,2025-03-20T07:00:00,2025-03-23T23:59:59,2025-03-20T07:00:00
Krakow,Abu Dhabi,2025-03-20T07:00:00,2025-03-23T23:59:59,2025-03-20T07:00:00
Krakow,Barcelona,2025-03-20T07:00:00,2025-03-23T23:59:59,2025-03-20T07:00:00
Krakow,Bologna,2025-03-20T07:00:00,2025-03-23T23:59:59,2025-03-20T07:00:00
Krakow,Bucharest,2025-03-20T07:00:00,2025-03-23T23:59:59,2025-03-20T07:00:00
Krakow,London,2025-03-20T07:00:00,2025-03-23T23:59:59,2025-03-20T07:00:00
Krakow,Lyon,2025-03-20T07:00:00,2025-03-23T23:59:59,2025-03-20T07:00:00
Krakow,Malaga,2025-03-20T07:00:00,2025-03-23T23:59:59,2025-03-20T07:00:00
Krakow,Milan,2025-03-20T07:00:00,2025-03-23T23:59:59,2025-03-20T07:00:00
Krakow,Nice,2025-03-20T07:00:00,2025-03-23T23:59:59,2025-03-20T07:00:00
Krakow,Stavanger,2025-03-20T07:00:00,2025-03-23T23:59:59,2025-03-20T07:00:00
Krakow,Valencia,2025-03-20T07:00:00,2025-03-23T23:59:59,2025-03-20T07:00:00
Kutaisi,Abu Dhabi,2025-03-20T07:00:00,2025-03-23T23:59:59,2025-03-20T07:00:00
Kutaisi,Athens,2025-03-20T07:00:00,2025-03-23T23:59:59,2025-03-20T07:00:00
Kutaisi,Barcelona,2025-03-20T07:00:00,2025-03-23T23:59:59,2025-03-20T07:00:00
Kutaisi,Berlin,2025-03-20T07:00:00,2025-03-23T23:59:59,2025-03-20T07:00:00
Kutaisi,Brussels,2025-03-20T07:00:00,2025-03-23T23:59:59,2025-03-20T07:00:00
Kutaisi,Budapest,2025-03-20T07:00:00,2025-03-23T23:59:59,2025-03-20T07:00:00
Kutaisi,Dortmund,2025-03-20T07:00:00,2025-03-23T23:59:59,2025-03-20T07:00:00
Kutaisi,Frankfurt,2025-03-20T07:00:00,2025-03-23T23:59:59,2025-03-20T07:00:00
Kutaisi,Katowice,2025-03-20T07:00:00,2025-03-23T23:59:59,2025-03-20T07:00:00
Kutaisi,Larnaca,2025-03-20T07:00:00,2025-03-23T23:59:59,2025-03-20T07:00:00
Kutaisi,Memmingen,2025-03-20T07:00:00,2025-03-23T23:59:59,2025-03-20T07:00:00
Kutaisi,Milan,2025-03-20T07:00:00,2025-03-23T23:59:59,2025-03-20T07:00:00
Kutaisi,Paris,2025-03-20T07:00:00,2025-03-23T23:59:59,2025-03-20T07:00:00
Kutaisi,Poznan,2025-03-20T07:00:00,2025-03-23T23:59:59,2025-03-20T07:00:00
Kutaisi,Prague,2025-03-20T07:00:00,2025-03-23T23:59:59,2025-03-20T07:00:00
Kutaisi,Riga,2025-03-20T07:00:00,2025-03-23T23:59:59,2025-03-20T07:00:00
Kutaisi,Rome,2025-03-20T07:00:00,2025-03-23T23:59:59,2025-03-20T07:00:00
Kutaisi,Thessaloniki,2025-03-20T07:00:00,2025-03-23T23:59:59,2025-03-20T07:00:00
Kutaisi,Vienna,2025-03-20T07:00:00,2025-03-23T23:59:59,2025-03-20T07:00:00
Kutaisi,Vilnius,2025-03-20T07:00:00,2025-03-23T23:59:59,2025-03-20T07:00:00
Kutaisi,Warsaw,2025-03-20T07:00:00,2025-03-23T23:59:59,2025-03-20T07:00:00
Larnaca,Abu Dhabi,2025-03-20T07:00:00,2025-03-23T23:59:59,2025-03-20T07:00:00
Larnaca,Bucharest,2025-03-20T07:00:00,2025-03-23T23:59:59,2025-03-20T07:00:00
Larnaca,Budapest,2025-03-20T07:00:00,2025-03-23T23:59:59,2025-03-20T07:00:00
Larnaca,Gdansk,2025-03-20T07:00:00,2025-03-23T23:59:59,2025-03-20T07:00:00
Larnaca,Iasi,2025-03-20T07:00:00,2025-03-23T23:59:59,2025-03-20T07:00:00
Larnaca,Katowice,2025-03-20T07:00:00,2025-03-23T23:59:59,2025-03-20T07:00:00
Larnaca,Krakow,2025-03-20T07:00:00,2025-03-23T23:59:59,2025-03-20T07:00:00
Larnaca,Kutaisi,2025-03-20T07:00:00,2025-03-23T23:59:59,2025-03-20T07:00:00
Larnaca,London,2025-03-20T07:00:00,2025-03-23T23:59:59,2025-03-20T07:00:00
Larnaca,Prague,2025-03-20T07:00:00,2025-03-23T23:59:59,2025-03-20T07:00:00
Larnaca,Radom,2025-03-20T07:00:00,2025-03-23T23:59:59,2025-03-20T07:00:00
Larnaca,Sofia,2025-03-20T07:00:00,2025-03-23T23:59:59,2025-03-20T07:00:00
Larnaca,Tel Aviv,2025-03-20T07:00:00,2025-03-23T23:59:59,2025-03-20T07:00:00
Larnaca,Thessaloniki,2025-03-20T07:00:00,2025-03-23T23:59:59,2025-03-20T07:00:00
Malmo,Tirana,2025-03-20T07:00:00,2025-03-23T23:59:59,2025-03-20T07:00:00
Malta,Belgrade,2025-03-20T07:00:00,2025-03-23T23:59:59,2025-03-20T07:00:00
Malta,Budapest,2025-03-20T07:00:00,2025-03-23T23:59:59,2025-03-20T07:00:00
Malta,Katowice,2025-03-20T07:00:00,2025-03-23T23:59:59,2025-03-20T07:00:00
Malta,Warsaw,2025-03-20T07:00:00,2025-03-23T23:59:59,2025-03-20T07:00:00
Marrakech,Bucharest,2025-03-20T07:00:00,2025-03-23T23:59:59,2025-03-20T07:00:00
Marrakech,Budapest,2025-03-20T07:00:00,2025-03-23T23:59:59,2025-03-20T07:00:00
Marrakech,London,2025-03-20T07:00:00,2025-03-23T23:59:59,2025-03-20T07:00:00
Marrakech,Milan,2025-03-20T07:00:00,2025-03-23T23:59:59,2025-03-20T07:00:00
Marrakech,Rome,2025-03-20T07:00:00,2025-03-23T23:59:59,2025-03-20T07:00:00
Marsa Alam,Rome,2025-03-20T07:00:00,2025-03-23T23:59:59,2025-03-20T07:00:00
Memmingen,Belgrade,2025-03-20T07:00:00,2025-03-23T23:59:59,2025-03-20T07:00:00
Memmingen,Bucharest,2025-03-20T07:00:00,2025-03-23T23:59:59,2025-03-20T07:00:00
Memmingen,Budapest,2025-03-20T07:00:00,2025-03-23T23:59:59,2025-03-20T07:00:00
Memmingen,Catania,2025-03-20T07:00:00,2025-03-23T23:59:59,2025-03-20T07:00:00
Memmingen,Cluj,2025-03-20T07:00:00,2025-03-23T23:59:59,2025-03-20T07:00:00
Memmingen,Iasi,2025-03-20T07:00:00,2025-03-23T23:59:59,2025-03-20T07:00:00
Memmingen,Kutaisi,2025-03-20T07:00:00,2025-03-23T23:59:59,2025-03-20T07:00:00
Memmingen,Nis,2025-03-20T07:00:00,2025-03-23T23:59:59,2025-03-20T07:00:00
Memmingen,Ohrid,2025-03-20T07:00:00,2025-03-23T23:59:59,2025-03-20T07:00:00
Memmingen,Podgorica,2025-03-20T07:00:00,2025-03-23T23:59:59,2025-03-20T07:00:00
Memmingen,Sofia,2025-03-20T07:00:00,2025-03-23T23:59:59,2025-03-20T07:00:00
Memmingen,Timisoara,2025-03-20T07:00:00,2025-03-23T23:59:59,2025-03-20T07:00:00
Memmingen,Tirana,2025-03-20T07:00:00,2025-03-23T23:59:59,2025-03-20T07:00:00
Milan,Barcelona,2025-03-20T07:00:00,2025-03-23T23:59:59,2025-03-20T07:00:00
Milan,Bucharest,2025-03-20T07:00:00,2025-03-23T23:59:59,2025-03-20T07:00:00
Milan,Budapest,2025-03-20T07:00:00,2025-03-23T23:59:59,2025-03-20T07:00:00
Milan,Cluj,2025-03-20T07:00:00,2025-03-23T23:59:59,2025-03-20T07:00:00
Milan,Craiova,2025-03-20T07:00:00,2025-03-23T23:59:59,2025-03-20T07:00:00
Milan,Gdansk,2025-03-20T07:00:00,2025-03-23T23:59:59,2025-03-20T07:00:00
Milan,Iasi,2025-03-20T07:00:00,2025-03-23T23:59:59,2025-03-20T07:00:00
Milan,Kutaisi,2025-03-20T07:00:00,2025-03-23T23:59:59,2025-03-20T07:00:00
Milan,Larnaca,2025-03-20T07:00:00,2025-03-23T23:59:59,2025-03-20T07:00:00
Milan,London,2025-03-20T07:00:00,2025-03-23T23:59:59,2025-03-20T07:00:00
Milan,Madrid,2025-03-20T07:00:00,2025-03-23T23:59:59,2025-03-20T07:00:00
Milan,Malaga,2025-03-20T07:00:00,2025-03-23T23:59:59,2025-03-20T07:00:00
Milan,Marrakech,2025-03-20T07:00:00,2025-03-23T23:59:59,2025-03-20T07:00:00
Milan,Paris,2025-03-20T07:00:00,2025-03-23T23:59:59,2025-03-20T07:00:00
Milan,Prague,2025-03-20T07:00:00,2025-03-23T23:59:59,2025-03-20T07:00:00
Milan,Pristina,2025-03-20T07:00:00,2025-03-23T23:59:59,2025-03-20T07:00:00
Milan,Reykjavik,2025-03-20T07:00:00,2025-03-23T23:59:59,2025-03-20T07:00:00
Milan,Rzeszow,2025-03-20T07:00:00,2025-03-23T23:59:59,2025-03-20T07:00:00
Milan,Sofia,2025-03-20T07:00:00,2025-03-23T23:59:59,2025-03-20T07:00:00
Milan,Tel Aviv,2025-03-20T07:00:00,2025-03-23T23:59:59,2025-03-20T07:00:00
Milan,Tenerife,2025-03-20T07:00:00,2025-03-23T23:59:59,2025-03-20T07:00:00
Milan,Timisoara,2025-03-20T07:00:00,2025-03-23T23:59:59,2025-03-20T07:00:00
Milan,Tirana,2025-03-20T07:00:00,2025-03-23T23:59:59,2025-03-20T07:00:00
Milan,Valencia,2025-03-20T07:00:00,2025-03-23T23:59:59,2025-03-20T07:00:00
London,Sarajevo,2025-03-20T07:00:00,2025-03-23T23:59:59,2025-03-20T07:00:00
London,Sharm el-Sheikh,2025-03-20T07:00:00,2025-03-23T23:59:59,2025-03-20T07:00:00
London,Sibiu,2025-03-20T07:00:00,2025-03-23T23:59:59,2025-03-20T07:00:00
London,Sofia,2025-03-20T07:00:00,2025-03-23T23:59:59,2025-03-20T07:00:00
London,Tallinn,2025-03-20T07:00:00,2025-03-23T23:59:59,2025-03-20T07:00:00
London,Targu-Mures,2025-03-20T07:00:00,2025-03-23T23:59:59,2025-03-20T07:00:00
London,Tel Aviv,2025-03-20T07:00:00,2025-03-23T23:59:59,2025-03-20T07:00:00
London,Timisoara,2025-03-20T07:00:00,2025-03-23T23:59:59,2025-03-20T07:00:00
London,Tirana,2025-03-20T07:00:00,2025-03-23T23:59:59,2025-03-20T07:00:00
London,Tromso,2025-03-20T07:00:00,2025-03-23T23:59:59,2025-03-20T07:00:00
London,Varna,2025-03-20T07:00:00,2025-03-23T23:59:59,2025-03-20T07:00:00
London,Vienna,2025-03-20T07:00:00,2025-03-23T23:59:59,2025-03-20T07:00:00
London,Warsaw,2025-03-20T07:00:00,2025-03-23T23:59:59,2025-03-20T07:00:00
Lublin,London,2025-03-20T07:00:00,2025-03-23T23:59:59,2025-03-20T07:00:00
Lyon,Krakow,2025-03-20T07:00:00,2025-03-23T23:59:59,2025-03-20T07:00:00
Lyon,London,2025-03-20T07:00:00,2025-03-23T23:59:59,2025-03-20T07:00:00
Lyon,Rome,2025-03-20T07:00:00,2025-03-23T23:59:59,2025-03-20T07:00:00
Lyon,Sofia,2025-03-20T07:00:00,2025-03-23T23:59:59,2025-03-20T07:00:00
Lyon,Vilnius,2025-03-20T07:00:00,2025-03-23T23:59:59,2025-03-20T07:00:00
Madeira,Budapest,2025-03-20T07:00:00,2025-03-23T23:59:59,2025-03-20T07:00:00
Madeira,Gdansk,2025-03-20T07:00:00,2025-03-23T23:59:59,2025-03-20T07:00:00
Madeira,Katowice,2025-03-20T07:00:00,2025-03-23T23:59:59,2025-03-20T07:00:00
Madeira,Vienna,2025-03-20T07:00:00,2025-03-23T23:59:59,2025-03-20T07:00:00
Madeira,Warsaw,2025-03-20T07:00:00,2025-03-23T23:59:59,2025-03-20T07:00:00
Madinah,Abu Dhabi,2025-03-20T07:00:00,2025-03-23T23:59:59,2025-03-20T07:00:00
Madrid,Bucharest,2025-03-20T07:00:00,2025-03-23T23:59:59,2025-03-20T07:00:00
Madrid,Budapest,2025-03-20T07:00:00,2025-03-23T23:59:59,2025-03-20T07:00:00
Madrid,Rome,2025-03-20T07:00:00,2025-03-23T23:59:59,2025-03-20T07:00:00
Madrid,Sofia,2025-03-20T07:00:00,2025-03-23T23:59:59,2025-03-20T07:00:00
Madrid,Tirana,2025-03-20T07:00:00,2025-03-23T23:59:59,2025-03-20T07:00:00
Madrid,Warsaw,2025-03-20T07:00:00,2025-03-23T23:59:59,2025-03-20T07:00:00
Malaga,Budapest,2025-03-20T07:00:00,2025-03-23T23:59:59,2025-03-20T07:00:00
Malaga,Gdansk,2025-03-20T07:00:00,2025-03-23T23:59:59,2025-03-20T07:00:00
Malaga,Katowice,2025-03-20T07:00:00,2025-03-23T23:59:59,2025-03-20T07:00:00
Malaga,Krakow,2025-03-20T07:00:00,2025-03-23T23:59:59,2025-03-20T07:00:00
Malaga,London,2025-03-20T07:00:00,2025-03-23T23:59:59,2025-03-20T07:00:00
Malaga,Milan,2025-03-20T07:00:00,2025-03-23T23:59:59,2025-03-20T07:00:00
Malaga,Rome,2025-03-20T07:00:00,2025-03-23T23:59:59,2025-03-20T07:00:00
Malaga,Sofia,2025-03-20T07:00:00,2025-03-23T23:59:59,2025-03-20T07:00:00
Malaga,Vienna,2025-03-20T07:00:00,2025-03-23T23:59:59,2025-03-20T07:00:00
Malaga,Vilnius,2025-03-20T07:00:00,2025-03-23T23:59:59,2025-03-20T07:00:00
Malaga,Warsaw,2025-03-20T07:00:00,2025-03-23T23:59:59,2025-03-20T07:00:00
Malaga,Wroclaw,2025-03-20T07:00:00,2025-03-23T23:59:59,2025-03-20T07:00:00
Male,Abu Dhabi,2025-03-20T07:00:00,2025-03-23T23:59:59,2025-03-20T07:00:00
Malmo,Belgrade,2025-03-20T07:00:00,2025-03-23T23:59:59,2025-03-20T07:00:00
Malmo,Cluj,2025-03-20T07:00:00,2025-03-23T23:59:59,2025-03-20T07:00:00
Malmo,Iasi,2025-03-20T07:00:00,2025-03-23T23:59:59,2025-03-20T07:00:00
Malmo,Skopje,2025-03-20T07:00:00,2025-03-23T23:59:59,2025-03-20T07:00:00
Poprad/Tatry,London,2025-03-20T07:00:00,2025-03-23T23:59:59,2025-03-20T07:00:00
Poznan,Kutaisi,2025-03-20T07:00:00,2025-03-23T23:59:59,2025-03-20T07:00:00
Poznan,London,2025-03-20T07:00:00,2025-03-23T23:59:59,2025-03-20T07:00:00
Poznan,Rome,2025-03-20T07:00:00,2025-03-23T23:59:59,2025-03-20T07:00:00
Prague,Catania,2025-03-20T07:00:00,2025-03-23T23:59:59,2025-03-20T07:00:00
Prague,Kutaisi,2025-03-20T07:00:00,2025-03-23T23:59:59,2025-03-20T07:00:00
Prague,Larnaca,2025-03-20T07:00:00,2025-03-23T23:59:59,2025-03-20T07:00:00
Prague,London,2025-03-20T07:00:00,2025-03-23T23:59:59,2025-03-20T07:00:00
Prague,Rome,2025-03-20T07:00:00,2025-03-23T23:59:59,2025-03-20T07:00:00
Prague,Tirana,2025-03-20T07:00:00,2025-03-23T23:59:59,2025-03-20T07:00:00
Pristina,Dortmund,2025-03-20T07:00:00,2025-03-23T23:59:59,2025-03-20T07:00:00
Pristina,London,2025-03-20T07:00:00,2025-03-23T23:59:59,2025-03-20T07:00:00
Pristina,Memmingen,2025-03-20T07:00:00,2025-03-23T23:59:59,2025-03-20T07:00:00
Pristina,Milan,2025-03-20T07:00:00,2025-03-23T23:59:59,2025-03-20T07:00:00
Pristina,Vienna,2025-03-20T07:00:00,2025-03-23T23:59:59,2025-03-20T07:00:00
Radom,Larnaca,2025-03-20T07:00:00,2025-03-23T23:59:59,2025-03-20T07:00:00
Reykjavik,Budapest,2025-03-20T07:00:00,2025-03-23T23:59:59,2025-03-20T07:00:00
Reykjavik,Gdansk,2025-03-20T07:00:00,2025-03-23T23:59:59,2025-03-20T07:00:00
Reykjavik,Milan,2025-03-20T07:00:00,2025-03-23T23:59:59,2025-03-20T07:00:00
Reykjavik,Vienna,2025-03-20T07:00:00,2025-03-23T23:59:59,2025-03-20T07:00:00
Reykjavik,Warsaw,2025-03-20T07:00:00,2025-03-23T23:59:59,2025-03-20T07:00:00
Riga,Kutaisi,2025-03-20T07:00:00,2025-03-23T23:59:59,2025-03-20T07:00:00
Rimini,Tirana,2025-03-20T07:00:00,2025-03-23T23:59:59,2025-03-20T07:00:00
Riyadh,Budapest,2025-03-20T07:00:00,2025-03-23T23:59:59,2025-03-20T07:00:00
Riyadh,Vienna,2025-03-20T07:00:00,2025-03-23T23:59:59,2025-03-20T07:00:00
Rome,Bacau,2025-03-20T07:00:00,2025-03-23T23:59:59,2025-03-20T07:00:00
Rome,Baku,2025-03-20T07:00:00,2025-03-23T23:59:59,2025-03-20T07:00:00
Rome,Belgrade,2025-03-20T07:00:00,2025-03-23T23:59:59,2025-03-20T07:00:00
Rome,Bucharest,2025-03-20T07:00:00,2025-03-23T23:59:59,2025-03-20T07:00:00
Rome,Budapest,2025-03-20T07:00:00,2025-03-23T23:59:59,2025-03-20T07:00:00
Rome,Chisinau,2025-03-20T07:00:00,2025-03-23T23:59:59,2025-03-20T07:00:00
Rome,Cluj,2025-03-20T07:00:00,2025-03-23T23:59:59,2025-03-20T07:00:00
Rome,Craiova,2025-03-20T07:00:00,2025-03-23T23:59:59,2025-03-20T07:00:00
Rome,Dortmund,2025-03-20T07:00:00,2025-03-23T23:59:59,2025-03-20T07:00:00
Rome,Gdansk,2025-03-20T07:00:00,2025-03-23T23:59:59,2025-03-20T07:00:00
Rome,Gran Canaria,2025-03-20T07:00:00,2025-03-23T23:59:59,2025-03-20T07:00:00
Rome,Iasi,2025-03-20T07:00:00,2025-03-23T23:59:59,2025-03-20T07:00:00
Rome,Jeddah,2025-03-20T07:00:00,2025-03-23T23:59:59,2025-03-20T07:00:00
Rome,Katowice,2025-03-20T07:00:00,2025-03-23T23:59:59,2025-03-20T07:00:00
Rome,Krakow,2025-03-20T07:00:00,2025-03-23T23:59:59,2025-03-20T07:00:00
Rome,Kutaisi,2025-03-20T07:00:00,2025-03-23T23:59:59,2025-03-20T07:00:00
Rome,Larnaca,2025-03-20T07:00:00,2025-03-23T23:59:59,2025-03-20T07:00:00
Rome,Lisbon,2025-03-20T07:00:00,2025-03-23T23:59:59,2025-03-20T07:00:00
Rome,London,2025-03-20T07:00:00,2025-03-23T23:59:59,2025-03-20T07:00:00
Rome,Lyon,2025-03-20T07:00:00,2025-03-23T23:59:59,2025-03-20T07:00:00
Rome,Malaga,2025-03-20T07:00:00,2025-03-23T23:59:59,2025-03-20T07:00:00
Rome,Marsa Alam,2025-03-20T07:00:00,2025-03-23T23:59:59,2025-03-20T07:00:00
Rome,Nice,2025-03-20T07:00:00,2025-03-23T23:59:59,2025-03-20T07:00:00
Milan,Warsaw,2025-03-20T07:00:00,2025-03-23T23:59:59,2025-03-20T07:00:00
Milan,Yerevan,2025-03-20T07:00:00,2025-03-23T23:59:59,2025-03-20T07:00:00
Naples,Bucharest,2025-03-20T07:00:00,2025-03-23T23:59:59,2025-03-20T07:00:00
Naples,Budapest,2025-03-20T07:00:00,2025-03-23T23:59:59,2025-03-20T07:00:00
Naples,Katowice,2025-03-20T07:00:00,2025-03-23T23:59:59,2025-03-20T07:00:00
Naples,London,2025-03-20T07:00:00,2025-03-23T23:59:59,2025-03-20T07:00:00
Naples,Sofia,2025-03-20T07:00:00,2025-03-23T23:59:59,2025-03-20T07:00:00
Naples,Warsaw,2025-03-20T07:00:00,2025-03-23T23:59:59,2025-03-20T07:00:00
Nice,Belgrade,2025-03-20T07:00:00,2025-03-23T23:59:59,2025-03-20T07:00:00
Nice,Budapest,2025-03-20T07:00:00,2025-03-23T23:59:59,2025-03-20T07:00:00
Nice,Krakow,2025-03-20T07:00:00,2025-03-23T23:59:59,2025-03-20T07:00:00
Nice,Rome,2025-03-20T07:00:00,2025-03-23T23:59:59,2025-03-20T07:00:00
Nice,Sofia,2025-03-20T07:00:00,2025-03-23T23:59:59,2025-03-20T07:00:00
Nice,Vienna,2025-03-20T07:00:00,2025-03-23T23:59:59,2025-03-20T07:00:00
Nice,Warsaw,2025-03-20T07:00:00,2025-03-23T23:59:59,2025-03-20T07:00:00
Nis,Memmingen,2025-03-20T07:00:00,2025-03-23T23:59:59,2025-03-20T07:00:00
Nuremberg,Bucharest,2025-03-20T07:00:00,2025-03-23T23:59:59,2025-03-20T07:00:00
Nuremberg,Chisinau,2025-03-20T07:00:00,2025-03-23T23:59:59,2025-03-20T07:00:00
Nuremberg,Cluj,2025-03-20T07:00:00,2025-03-23T23:59:59,2025-03-20T07:00:00
Nuremberg,Sibiu,2025-03-20T07:00:00,2025-03-23T23:59:59,2025-03-20T07:00:00
Nuremberg,Tirana,2025-03-20T07:00:00,2025-03-23T23:59:59,2025-03-20T07:00:00
Nur-Sultan,Abu Dhabi,2025-03-20T07:00:00,2025-03-23T23:59:59,2025-03-20T07:00:00
Ohrid,Dortmund,2025-03-20T07:00:00,2025-03-23T23:59:59,2025-03-20T07:00:00
Ohrid,Memmingen,2025-03-20T07:00:00,2025-03-23T23:59:59,2025-03-20T07:00:00
Ohrid,Vienna,2025-03-20T07:00:00,2025-03-23T23:59:59,2025-03-20T07:00:00
Oslo,Bucharest,2025-03-20T07:00:00,2025-03-23T23:59:59,2025-03-20T07:00:00
Oslo,Gdansk,2025-03-20T07:00:00,2025-03-23T23:59:59,2025-03-20T07:00:00
Oslo,Krakow,2025-03-20T07:00:00,2025-03-23T23:59:59,2025-03-20T07:00:00
Oslo,Skopje,2025-03-20T07:00:00,2025-03-23T23:59:59,2025-03-20T07:00:00
Oslo,Szczecin,2025-03-20T07:00:00,2025-03-23T23:59:59,2025-03-20T07:00:00
Oslo,Warsaw,2025-03-20T07:00:00,2025-03-23T23:59:59,2025-03-20T07:00:00
Paris,Belgrade,2025-03-20T07:00:00,2025-03-23T23:59:59,2025-03-20T07:00:00
Paris,Bucharest,2025-03-20T07:00:00,2025-03-23T23:59:59,2025-03-20T07:00:00
Paris,Budapest,2025-03-20T07:00:00,2025-03-23T23:59:59,2025-03-20T07:00:00
Paris,Gdansk,2025-03-20T07:00:00,2025-03-23T23:59:59,2025-03-20T07:00:00
Paris,Kutaisi,2025-03-20T07:00:00,2025-03-23T23:59:59,2025-03-20T07:00:00
Paris,Milan,2025-03-20T07:00:00,2025-03-23T23:59:59,2025-03-20T07:00:00
Paris,Rome,2025-03-20T07:00:00,2025-03-23T23:59:59,2025-03-20T07:00:00
Paris,Skopje,2025-03-20T07:00:00,2025-03-23T23:59:59,2025-03-20T07:00:00
Paris,Timisoara,2025-03-20T07:00:00,2025-03-23T23:59:59,2025-03-20T07:00:00
Paris,Tirana,2025-03-20T07:00:00,2025-03-23T23:59:59,2025-03-20T07:00:00
Paris,Vilnius,2025-03-20T07:00:00,2025-03-23T23:59:59,2025-03-20T07:00:00
Perugia,Tirana,2025-03-20T07:00:00,2025-03-23T23:59:59,2025-03-20T07:00:00
Pescara,Tirana,2025-03-20T07:00:00,2025-03-23T23:59:59,2025-03-20T07:00:00
Pisa,Bucharest,2025-03-20T07:00:00,2025-03-23T23:59:59,2025-03-20T07:00:00
Pisa,Tirana,2025-03-20T07:00:00,2025-03-23T23:59:59,2025-03-20T07:00:00
Podgorica,Dortmund,2025-03-20T07:00:00,2025-03-23T23:59:59,2025-03-20T07:00:00
Podgorica,Memmingen,2025-03-20T07:00:00,2025-03-23T23:59:59,2025-03-20T07:00:00
Sofia,Basel/Mulhouse,2025-03-20T07:00:00,2025-03-23T23:59:59,2025-03-20T07:00:00
Sofia,Brussels,2025-03-20T07:00:00,2025-03-23T23:59:59,2025-03-20T07:00:00
Sofia,Catania,2025-03-20T07:00:00,2025-03-23T23:59:59,2025-03-20T07:00:00
Sofia,Dortmund,2025-03-20T07:00:00,2025-03-23T23:59:59,2025-03-20T07:00:00
Sofia,Frankfurt,2025-03-20T07:00:00,2025-03-23T23:59:59,2025-03-20T07:00:00
Sofia,Larnaca,2025-03-20T07:00:00,2025-03-23T23:59:59,2025-03-20T07:00:00
Sofia,London,2025-03-20T07:00:00,2025-03-23T23:59:59,2025-03-20T07:00:00
Sofia,Lyon,2025-03-20T07:00:00,2025-03-23T23:59:59,2025-03-20T07:00:00
Sofia,Malaga,2025-03-20T07:00:00,2025-03-23T23:59:59,2025-03-20T07:00:00
Sofia,Memmingen,2025-03-20T07:00:00,2025-03-23T23:59:59,2025-03-20T07:00:00
Sofia,Milan,2025-03-20T07:00:00,2025-03-23T23:59:59,2025-03-20T07:00:00
Sofia,Tel Aviv,2025-03-20T07:00:00,2025-03-23T23:59:59,2025-03-20T07:00:00
Sofia,Valencia,2025-03-20T07:00:00,2025-03-23T23:59:59,2025-03-20T07:00:00
Sofia,Yerevan,2025-03-20T07:00:00,2025-03-23T23:59:59,2025-03-20T07:00:00
Sohag,Abu Dhabi,2025-03-20T07:00:00,2025-03-23T23:59:59,2025-03-20T07:00:00
Stavanger,Gdansk,2025-03-20T07:00:00,2025-03-23T23:59:59,2025-03-20T07:00:00
Stockholm,Bucharest,2025-03-20T07:00:00,2025-03-23T23:59:59,2025-03-20T07:00:00
Stockholm,Budapest,2025-03-20T07:00:00,2025-03-23T23:59:59,2025-03-20T07:00:00
Stockholm,Gdansk,2025-03-20T07:00:00,2025-03-23T23:59:59,2025-03-20T07:00:00
Stockholm,Warsaw,2025-03-20T07:00:00,2025-03-23T23:59:59,2025-03-20T07:00:00
Stuttgart,Bucharest,2025-03-20T07:00:00,2025-03-23T23:59:59,2025-03-20T07:00:00
Stuttgart,Budapest,2025-03-20T07:00:00,2025-03-23T23:59:59,2025-03-20T07:00:00
Stuttgart,Cluj,2025-03-20T07:00:00,2025-03-23T23:59:59,2025-03-20T07:00:00
Stuttgart,Sofia,2025-03-20T07:00:00,2025-03-23T23:59:59,2025-03-20T07:00:00
Stuttgart,Tirana,2025-03-20T07:00:00,2025-03-23T23:59:59,2025-03-20T07:00:00
Suceava,London,2025-03-20T07:00:00,2025-03-23T23:59:59,2025-03-20T07:00:00
Suceava,Rome,2025-03-20T07:00:00,2025-03-23T23:59:59,2025-03-20T07:00:00
Szczecin,Oslo,2025-03-20T07:00:00,2025-03-23T23:59:59,2025-03-20T07:00:00
Tallinn,London,2025-03-20T07:00:00,2025-03-23T23:59:59,2025-03-20T07:00:00
Targu-Mures,Budapest,2025-03-20T07:00:00,2025-03-23T23:59:59,2025-03-20T07:00:00
Targu-Mures,London,2025-03-20T07:00:00,2025-03-23T23:59:59,2025-03-20T07:00:00
Tashkent,Abu Dhabi,2025-03-20T07:00:00,2025-03-23T23:59:59,2025-03-20T07:00:00
Tel Aviv,Abu Dhabi,2025-03-20T07:00:00,2025-03-23T23:59:59,2025-03-20T07:00:00
Tel Aviv,Athens,2025-03-20T07:00:00,2025-03-23T23:59:59,2025-03-20T07:00:00
Tel Aviv,Bucharest,2025-03-20T07:00:00,2025-03-23T23:59:59,2025-03-20T07:00:00
Tel Aviv,Budapest,2025-03-20T07:00:00,2025-03-23T23:59:59,2025-03-20T07:00:00
Tel Aviv,Krakow,2025-03-20T07:00:00,2025-03-23T23:59:59,2025-03-20T07:00:00
Tel Aviv,Larnaca,2025-03-20T07:00:00,2025-03-23T23:59:59,2025-03-20T07:00:00
Tel Aviv,Milan,2025-03-20T07:00:00,2025-03-23T23:59:59,2025-03-20T07:00:00
Tel Aviv,Rome,2025-03-20T07:00:00,2025-03-23T23:59:59,2025-03-20T07:00:00
Tel Aviv,Sofia,2025-03-20T07:00:00,2025-03-23T23:59:59,2025-03-20T07:00:00
Tel Aviv,Vienna,2025-03-20T07:00:00,2025-03-23T23:59:59,2025-03-20T07:00:00
Tel Aviv,Vilnius,2025-03-20T07:00:00,2025-03-23T23:59:59,2025-03-20T07:00:00
Tel Aviv,Warsaw,2025-03-20T07:00:00,2025-03-23T23:59:59,2025-03-20T07:00:00
Tenerife,Bucharest,2025-03-20T07:00:00,2025-03-23T23:59:59,2025-03-20T07:00:00
Tenerife,Budapest,2025-03-20T07:00:00,2025-03-23T23:59:59,2025-03-20T07:00:00
Tenerife,Gdansk,2025-03-20T07:00:00,2025-03-23T23:59:59,2025-03-20T07:00:00
Tenerife,Katowice,2025-03-20T07:00:00,2025-03-23T23:59:59,2025-03-20T07:00:00
Rome,Poznan,2025-03-20T07:00:00,2025-03-23T23:59:59,2025-03-20T07:00:00
Rome,Rzeszow,2025-03-20T07:00:00,2025-03-23T23:59:59,2025-03-20T07:00:00
Rome,Sarajevo,2025-03-20T07:00:00,2025-03-23T23:59:59,2025-03-20T07:00:00
Rome,Sevilla,2025-03-20T07:00:00,2025-03-23T23:59:59,2025-03-20T07:00:00
Rome,Sofia,2025-03-20T07:00:00,2025-03-23T23:59:59,2025-03-20T07:00:00
Rome,Suceava,2025-03-20T07:00:00,2025-03-23T23:59:59,2025-03-20T07:00:00
Rome,Tel Aviv,2025-03-20T07:00:00,2025-03-23T23:59:59,2025-03-20T07:00:00
Rome,Tenerife,2025-03-20T07:00:00,2025-03-23T23:59:59,2025-03-20T07:00:00
Rome,Timisoara,2025-03-20T07:00:00,2025-03-23T23:59:59,2025-03-20T07:00:00
Rome,Tirana,2025-03-20T07:00:00,2025-03-23T23:59:59,2025-03-20T07:00:00
Rome,Vienna,2025-03-20T07:00:00,2025-03-23T23:59:59,2025-03-20T07:00:00
Rome,Vilnius,2025-03-20T07:00:00,2025-03-23T23:59:59,2025-03-20T07:00:00
Rome,Warsaw,2025-03-20T07:00:00,2025-03-23T23:59:59,2025-03-20T07:00:00
Rome,Yerevan,2025-03-20T07:00:00,2025-03-23T23:59:59,2025-03-20T07:00:00
Rzeszow,Milan,2025-03-20T07:00:00,2025-03-23T23:59:59,2025-03-20T07:00:00
Rzeszow,Rome,2025-03-20T07:00:00,2025-03-23T23:59:59,2025-03-20T07:00:00
Salerno,Bucharest,2025-03-20T07:00:00,2025-03-23T23:59:59,2025-03-20T07:00:00
Salerno,Tirana,2025-03-20T07:00:00,2025-03-23T23:59:59,2025-03-20T07:00:00
Salzburg,London,2025-03-20T07:00:00,2025-03-23T23:59:59,2025-03-20T07:00:00
Samarkand,Abu Dhabi,2025-03-20T07:00:00,2025-03-23T23:59:59,2025-03-20T07:00:00
Sarajevo,London,2025-03-20T07:00:00,2025-03-23T23:59:59,2025-03-20T07:00:00
Sarajevo,Rome,2025-03-20T07:00:00,2025-03-23T23:59:59,2025-03-20T07:00:00
Sevilla,Rome,2025-03-20T07:00:00,2025-03-23T23:59:59,2025-03-20T07:00:00
Sevilla,Warsaw,2025-03-20T07:00:00,2025-03-23T23:59:59,2025-03-20T07:00:00
Sharm el-Sheikh,Budapest,2025-03-20T07:00:00,2025-03-23T23:59:59,2025-03-20T07:00:00
Sharm el-Sheikh,Catania,2025-03-20T07:00:00,2025-03-23T23:59:59,2025-03-20T07:00:00
Sharm el-Sheikh,London,2025-03-20T07:00:00,2025-03-23T23:59:59,2025-03-20T07:00:00
Sharm el-Sheikh,Naples,2025-03-20T07:00:00,2025-03-23T23:59:59,2025-03-20T07:00:00
Sharm el-Sheikh,Rome,2025-03-20T07:00:00,2025-03-23T23:59:59,2025-03-20T07:00:00
Sibiu,London,2025-03-20T07:00:00,2025-03-23T23:59:59,2025-03-20T07:00:00
Sibiu,Nuremberg,2025-03-20T07:00:00,2025-03-23T23:59:59,2025-03-20T07:00:00
Skopje,Basel/Mulhouse,2025-03-20T07:00:00,2025-03-23T23:59:59,2025-03-20T07:00:00
Skopje,Berlin,2025-03-20T07:00:00,2025-03-23T23:59:59,2025-03-20T07:00:00
Skopje,Brussels,2025-03-20T07:00:00,2025-03-23T23:59:59,2025-03-20T07:00:00
Skopje,Dortmund,2025-03-20T07:00:00,2025-03-23T23:59:59,2025-03-20T07:00:00
Skopje,Eindhoven,2025-03-20T07:00:00,2025-03-23T23:59:59,2025-03-20T07:00:00
Skopje,Frankfurt,2025-03-20T07:00:00,2025-03-23T23:59:59,2025-03-20T07:00:00
Skopje,Gothenburg,2025-03-20T07:00:00,2025-03-23T23:59:59,2025-03-20T07:00:00
Skopje,Hamburg,2025-03-20T07:00:00,2025-03-23T23:59:59,2025-03-20T07:00:00
Skopje,Karlsruhe/Baden-Baden,2025-03-20T07:00:00,2025-03-23T23:59:59,2025-03-20T07:00:00
Skopje,London,2025-03-20T07:00:00,2025-03-23T23:59:59,2025-03-20T07:00:00
Skopje,Malmo,2025-03-20T07:00:00,2025-03-23T23:59:59,2025-03-20T07:00:00
Skopje,Malta,2025-03-20T07:00:00,2025-03-23T23:59:59,2025-03-20T07:00:00
Skopje,Nuremberg,2025-03-20T07:00:00,2025-03-23T23:59:59,2025-03-20T07:00:00
Skopje,Oslo,2025-03-20T07:00:00,2025-03-23T23:59:59,2025-03-20T07:00:00
Sofia,Abu Dhabi,2025-03-20T07:00:00,2025-03-23T23:59:59,2025-03-20T07:00:00
Sofia,Barcelona,2025-03-20T07:00:00,2025-03-23T23:59:59,2025-03-20T07:00:00
Sofia,Bari,2025-03-20T07:00:00,2025-03-23T23:59:59,2025-03-20T07:00:00
Valencia,Krakow,2025-03-20T07:00:00,2025-03-23T23:59:59,2025-03-20T07:00:00
Valencia,Milan,2025-03-20T07:00:00,2025-03-23T23:59:59,2025-03-20T07:00:00
Valencia,Rome,2025-03-20T07:00:00,2025-03-23T23:59:59,2025-03-20T07:00:00
Valencia,Sofia,2025-03-20T07:00:00,2025-03-23T23:59:59,2025-03-20T07:00:00
Valencia,Timisoara,2025-03-20T07:00:00,2025-03-23T23:59:59,2025-03-20T07:00:00
Varna,Berlin,2025-03-20T07:00:00,2025-03-23T23:59:59,2025-03-20T07:00:00
Varna,Brussels,2025-03-20T07:00:00,2025-03-23T23:59:59,2025-03-20T07:00:00
Varna,Dortmund,2025-03-20T07:00:00,2025-03-23T23:59:59,2025-03-20T07:00:00
Varna,Eindhoven,2025-03-20T07:00:00,2025-03-23T23:59:59,2025-03-20T07:00:00
Varna,London,2025-03-20T07:00:00,2025-03-23T23:59:59,2025-03-20T07:00:00
Varna,Memmingen,2025-03-20T07:00:00,2025-03-23T23:59:59,2025-03-20T07:00:00
Venice,Bucharest,2025-03-20T07:00:00,2025-03-23T23:59:59,2025-03-20T07:00:00
Venice,Budapest,2025-03-20T07:00:00,2025-03-23T23:59:59,2025-03-20T07:00:00
Venice,Chisinau,2025-03-20T07:00:00,2025-03-23T23:59:59,2025-03-20T07:00:00
Venice,Cluj,2025-03-20T07:00:00,2025-03-23T23:59:59,2025-03-20T07:00:00
Venice,Skopje,2025-03-20T07:00:00,2025-03-23T23:59:59,2025-03-20T07:00:00
Venice,Tenerife,2025-03-20T07:00:00,2025-03-23T23:59:59,2025-03-20T07:00:00
Venice,Warsaw,2025-03-20T07:00:00,2025-03-23T23:59:59,2025-03-20T07:00:00
Venice,Yerevan,2025-03-20T07:00:00,2025-03-23T23:59:59,2025-03-20T07:00:00
Verona,Gdansk,2025-03-20T07:00:00,2025-03-23T23:59:59,2025-03-20T07:00:00
Verona,Warsaw,2025-03-20T07:00:00,2025-03-23T23:59:59,2025-03-20T07:00:00
Vienna,Abu Dhabi,2025-03-20T07:00:00,2025-03-23T23:59:59,2025-03-20T07:00:00
Vienna,Barcelona,2025-03-20T07:00:00,2025-03-23T23:59:59,2025-03-20T07:00:00
Vienna,Bilbao,2025-03-20T07:00:00,2025-03-23T23:59:59,2025-03-20T07:00:00
Vienna,Chisinau,2025-03-20T07:00:00,2025-03-23T23:59:59,2025-03-20T07:00:00
Vienna,Jeddah,2025-03-20T07:00:00,2025-03-23T23:59:59,2025-03-20T07:00:00
Vienna,Kutaisi,2025-03-20T07:00:00,2025-03-23T23:59:59,2025-03-20T07:00:00
Vienna,London,2025-03-20T07:00:00,2025-03-23T23:59:59,2025-03-20T07:00:00
Vienna,Malaga,2025-03-20T07:00:00,2025-03-23T23:59:59,2025-03-20T07:00:00
Vienna,Reykjavik,2025-03-20T07:00:00,2025-03-23T23:59:59,2025-03-20T07:00:00
Vienna,Riyadh,2025-03-20T07:00:00,2025-03-23T23:59:59,2025-03-20T07:00:00
Vienna,Tel Aviv,2025-03-20T07:00:00,2025-03-23T23:59:59,2025-03-20T07:00:00
Vienna,Tenerife,2025-03-20T07:00:00,2025-03-23T23:59:59,2025-03-20T07:00:00
Vienna,Tirana,2025-03-20T07:00:00,2025-03-23T23:59:59,2025-03-20T07:00:00
Vienna,Yerevan,2025-03-20T07:00:00,2025-03-23T23:59:59,2025-03-20T07:00:00
Vilnius,Barcelona,2025-03-20T07:00:00,2025-03-23T23:59:59,2025-03-20T07:00:00
Vilnius,Dortmund,2025-03-20T07:00:00,2025-03-23T23:59:59,2025-03-20T07:00:00
Vilnius,Eindhoven,2025-03-20T07:00:00,2025-03-23T23:59:59,2025-03-20T07:00:00
Vilnius,Kutaisi,2025-03-20T07:00:00,2025-03-23T23:59:59,2025-03-20T07:00:00
Vilnius,London,2025-03-20T07:00:00,2025-03-23T23:59:59,2025-03-20T07:00:00
Vilnius,Lyon,2025-03-20T07:00:00,2025-03-23T23:59:59,2025-03-20T07:00:00
Vilnius,Malaga,2025-03-20T07:00:00,2025-03-23T23:59:59,2025-03-20T07:00:00
Vilnius,Rome,2025-03-20T07:00:00,2025-03-23T23:59:59,2025-03-20T07:00:00
Vilnius,Tel Aviv,2025-03-20T07:00:00,2025-03-23T23:59:59,2025-03-20T07:00:00
Warsaw,Alicante,2025-03-20T07:00:00,2025-03-23T23:59:59,2025-03-20T07:00:00
Warsaw,Barcelona,2025-03-20T07:00:00,2025-03-23T23:59:59,2025-03-20T07:00:00
Warsaw,Basel/Mulhouse,2025-03-20T07:00:00,2025-03-23T23:59:59,2025-03-20T07:00:00
Warsaw,Bologna,2025-03-20T07:00:00,2025-03-23T23:59:59,2025-03-20T07:00:00
Tenerife,Milan,2025-03-20T07:00:00,2025-03-23T23:59:59,2025-03-20T07:00:00
Tenerife,Venice,2025-03-20T07:00:00,2025-03-23T23:59:59,2025-03-20T07:00:00
Tenerife,Vienna,2025-03-20T07:00:00,2025-03-23T23:59:59,2025-03-20T07:00:00
Tenerife,Warsaw,2025-03-20T07:00:00,2025-03-23T23:59:59,2025-03-20T07:00:00
Thessaloniki,Kutaisi,2025-03-20T07:00:00,2025-03-23T23:59:59,2025-03-20T07:00:00
Timisoara,Barcelona,2025-03-20T07:00:00,2025-03-23T23:59:59,2025-03-20T07:00:00
Timisoara,Bari,2025-03-20T07:00:00,2025-03-23T23:59:59,2025-03-20T07:00:00
Timisoara,Brussels,2025-03-20T07:00:00,2025-03-23T23:59:59,2025-03-20T07:00:00
Timisoara,Dortmund,2025-03-20T07:00:00,2025-03-23T23:59:59,2025-03-20T07:00:00
Timisoara,London,2025-03-20T07:00:00,2025-03-23T23:59:59,2025-03-20T07:00:00
Timisoara,Madrid,2025-03-20T07:00:00,2025-03-23T23:59:59,2025-03-20T07:00:00
Timisoara,Memmingen,2025-03-20T07:00:00,2025-03-23T23:59:59,2025-03-20T07:00:00
Timisoara,Valencia,2025-03-20T07:00:00,2025-03-23T23:59:59,2025-03-20T07:00:00
Tirana,Abu Dhabi,2025-03-20T07:00:00,2025-03-23T23:59:59,2025-03-20T07:00:00
Tirana,Athens,2025-03-20T07:00:00,2025-03-23T23:59:59,2025-03-20T07:00:00
Tirana,Berlin,2025-03-20T07:00:00,2025-03-23T23:59:59,2025-03-20T07:00:00
Tirana,Brussels,2025-03-20T07:00:00,2025-03-23T23:59:59,2025-03-20T07:00:00
Tirana,Budapest,2025-03-20T07:00:00,2025-03-23T23:59:59,2025-03-20T07:00:00
Tirana,Catania,2025-03-20T07:00:00,2025-03-23T23:59:59,2025-03-20T07:00:00
Tirana,Frankfurt,2025-03-20T07:00:00,2025-03-23T23:59:59,2025-03-20T07:00:00
Tirana,Hamburg,2025-03-20T07:00:00,2025-03-23T23:59:59,2025-03-20T07:00:00
Tirana,Leipzig/Halle,2025-03-20T07:00:00,2025-03-23T23:59:59,2025-03-20T07:00:00
Tirana,Lyon,2025-03-20T07:00:00,2025-03-23T23:59:59,2025-03-20T07:00:00
Tirana,Memmingen,2025-03-20T07:00:00,2025-03-23T23:59:59,2025-03-20T07:00:00
Tirana,Milan,2025-03-20T07:00:00,2025-03-23T23:59:59,2025-03-20T07:00:00
Tirana,Nice,2025-03-20T07:00:00,2025-03-23T23:59:59,2025-03-20T07:00:00
Tirana,Nuremberg,2025-03-20T07:00:00,2025-03-23T23:59:59,2025-03-20T07:00:00
Tirana,Perugia,2025-03-20T07:00:00,2025-03-23T23:59:59,2025-03-20T07:00:00
Tirana,Pescara,2025-03-20T07:00:00,2025-03-23T23:59:59,2025-03-20T07:00:00
Tirana,Prague,2025-03-20T07:00:00,2025-03-23T23:59:59,2025-03-20T07:00:00
Tirana,Salerno,2025-03-20T07:00:00,2025-03-23T23:59:59,2025-03-20T07:00:00
Tirana,Stuttgart,2025-03-20T07:00:00,2025-03-23T23:59:59,2025-03-20T07:00:00
Tirana,Trieste,2025-03-20T07:00:00,2025-03-23T23:59:59,2025-03-20T07:00:00
Tirana,Turin,2025-03-20T07:00:00,2025-03-23T23:59:59,2025-03-20T07:00:00
Tirana,Venice,2025-03-20T07:00:00,2025-03-23T23:59:59,2025-03-20T07:00:00
Tirana,Verona,2025-03-20T07:00:00,2025-03-23T23:59:59,2025-03-20T07:00:00
Trieste,Bucharest,2025-03-20T07:00:00,2025-03-23T23:59:59,2025-03-20T07:00:00
Tromso,Gdansk,2025-03-20T07:00:00,2025-03-23T23:59:59,2025-03-20T07:00:00
Tromso,London,2025-03-20T07:00:00,2025-03-23T23:59:59,2025-03-20T07:00:00
Trondheim,Gdansk,2025-03-20T07:00:00,2025-03-23T23:59:59,2025-03-20T07:00:00
Turin,Iasi,2025-03-20T07:00:00,2025-03-23T23:59:59,2025-03-20T07:00:00
Turkistan,Abu Dhabi,2025-03-20T07:00:00,2025-03-23T23:59:59,2025-03-20T07:00:00
Turku,Gdansk,2025-03-20T07:00:00,2025-03-23T23:59:59,2025-03-20T07:00:00
Tuzla,Basel/Mulhouse,2025-03-20T07:00:00,2025-03-23T23:59:59,2025-03-20T07:00:00
Tuzla,Dortmund,2025-03-20T07:00:00,2025-03-23T23:59:59,2025-03-20T07:00:00
Tuzla,Memmingen,2025-03-20T07:00:00,2025-03-23T23:59:59,2025-03-20T07:00:00
Valencia,Bucharest,2025-03-20T07:00:00,2025-03-23T23:59:59,2025-03-20T07:00:00
Valencia,Cluj,2025-03-20T07:00:00,2025-03-23T23:59:59,2025-03-20T07:00:00
Warsaw,Brussels,2025-03-20T07:00:00,2025-03-23T23:59:59,2025-03-20T07:00:00
Warsaw,Budapest,2025-03-20T07:00:00,2025-03-23T23:59:59,2025-03-20T07:00:00
Warsaw,Catania,2025-03-20T07:00:00,2025-03-23T23:59:59,2025-03-20T07:00:00
Warsaw,Chisinau,2025-03-20T07:00:00,2025-03-23T23:59:59,2025-03-20T07:00:00
Warsaw,Copenhagen,2025-03-20T07:00:00,2025-03-23T23:59:59,2025-03-20T07:00:00
Warsaw,Fuerteventura,2025-03-20T07:00:00,2025-03-23T23:59:59,2025-03-20T07:00:00
Warsaw,Kutaisi,2025-03-20T07:00:00,2025-03-23T23:59:59,2025-03-20T07:00:00
Warsaw,London,2025-03-20T07:00:00,2025-03-23T23:59:59,2025-03-20T07:00:00
Warsaw,Lyon,2025-03-20T07:00:00,2025-03-23T23:59:59,2025-03-20T07:00:00
Warsaw,Madeira,2025-03-20T07:00:00,2025-03-23T23:59:59,2025-03-20T07:00:00
Warsaw,Malaga,2025-03-20T07:00:00,2025-03-23T23:59:59,2025-03-20T07:00:00
Warsaw,Malta,2025-03-20T07:00:00,2025-03-23T23:59:59,2025-03-20T07:00:00
Warsaw,Marrakech,2025-03-20T07:00:00,2025-03-23T23:59:59,2025-03-20T07:00:00
Warsaw,Milan,2025-03-20T07:00:00,2025-03-23T23:59:59,2025-03-20T07:00:00
Warsaw,Naples,2025-03-20T07:00:00,2025-03-23T23:59:59,2025-03-20T07:00:00
Warsaw,Nice,2025-03-20T07:00:00,2025-03-23T23:59:59,2025-03-20T07:00:00
Warsaw,Oslo,2025-03-20T07:00:00,2025-03-23T23:59:59,2025-03-20T07:00:00
Warsaw,Paris,2025-03-20T07:00:00,2025-03-23T23:59:59,2025-03-20T07:00:00
Warsaw,Reykjavik,2025-03-20T07:00:00,2025-03-23T23:59:59,2025-03-20T07:00:00
Warsaw,Rome,2025-03-20T07:00:00,2025-03-23T23:59:59,2025-03-20T07:00:00
Warsaw,Sevilla,2025-03-20T07:00:00,2025-03-23T23:59:59,2025-03-20T07:00:00
Warsaw,Stockholm,2025-03-20T07:00:00,2025-03-23T23:59:59,2025-03-20T07:00:00
Warsaw,Tenerife,2025-03-20T07:00:00,2025-03-23T23:59:59,2025-03-20T07:00:00
Warsaw,Valencia,2025-03-20T07:00:00,2025-03-23T23:59:59,2025-03-20T07:00:00
Warsaw,Venice,2025-03-20T07:00:00,2025-03-23T23:59:59,2025-03-20T07:00:00
Warsaw,Verona,2025-03-20T07:00:00,2025-03-23T23:59:59,2025-03-20T07:00:00
Wroclaw,Barcelona,2025-03-20T07:00:00,2025-03-23T23:59:59,2025-03-20T07:00:00
Wroclaw,Bari,2025-03-20T07:00:00,2025-03-23T23:59:59,2025-03-20T07:00:00
Wroclaw,Eindhoven,2025-03-20T07:00:00,2025-03-23T23:59:59,2025-03-20T07:00:00
Wroclaw,Kutaisi,2025-03-20T07:00:00,2025-03-23T23:59:59,2025-03-20T07:00:00
Wroclaw,Larnaca,2025-03-20T07:00:00,2025-03-23T23:59:59,2025-03-20T07:00:00
Wroclaw,London,2025-03-20T07:00:00,2025-03-23T23:59:59,2025-03-20T07:00:00
Yerevan,Abu Dhabi,2025-03-20T07:00:00,2025-03-23T23:59:59,2025-03-20T07:00:00
Yerevan,Budapest,2025-03-20T07:00:00,2025-03-23T23:59:59,2025-03-20T07:00:00
Yerevan,Dortmund,2025-03-20T07:00:00,2025-03-23T23:59:59,2025-03-20T07:00:00
Yerevan,Larnaca,2025-03-20T07:00:00,2025-03-23T23:59:59,2025-03-20T07:00:00
Yerevan,Milan,2025-03-20T07:00:00,2025-03-23T23:59:59,2025-03-20T07:00:00
Yerevan,Sofia,2025-03-20T07:00:00,2025-03-23T23:59:59,2025-03-20T07:00:00
Yerevan,Venice,2025-03-20T07:00:00,2025-03-23T23:59:59,2025-03-20T07:00:00
Zaragoza,Bucharest,2025-03-20T07:00:00,2025-03-23T23:59:59,2025-03-20T07:00:00
Zaragoza,Cluj,2025-03-20T07:00:00,2025-03-23T23:59:59,2025-03-20T07:00:00
