departure_from,departure_to,availability_start,availability_end,data_generated
Aalesund,Gdansk,2025-07-20T07:00:00,2025-07-23T23:59:59,2025-07-20T07:00:00
Abu Dhabi,Alexandria,2025-07-20T07:00:00,2025-07-23T23:59:59,2025-07-20T07:00:00
Abu Dhabi,Almaty,2025-07-20T07:00:00,2025-07-23T23:59:59,2025-07-20T07:00:00
Abu Dhabi,Amman,2025-07-20T07:00:00,2025-07-23T23:59:59,2025-07-20T07:00:00
Abu Dhabi,Asyut,2025-07-20T07:00:00,2025-07-23T23:59:59,2025-07-20T07:00:00
Abu Dhabi,Beirut,2025-07-20T07:00:00,2025-07-23T23:59:59,2025-07-20T07:00:00
Abu Dhabi,Bishkek,2025-07-20T07:00:00,2025-07-23T23:59:59,2025-07-20T07:00:00
Abu Dhabi,Bucharest,2025-07-20T07:00:00,2025-07-23T23:59:59,2025-07-20T07:00:00
Abu Dhabi,Chisinau,2025-07-20T07:00:00,2025-07-23T23:59:59,2025-07-20T07:00:00
Abu Dhabi,Dammam,2025-07-20T07:00:00,2025-07-23T23:59:59,2025-07-20T07:00:00
Abu Dhabi,Gabala,2025-07-20T07:00:00,2025-07-23T23:59:59,2025-07-20T07:00:00
Abu Dhabi,Giza,2025-07-20T07:00:00,2025-07-23T23:59:59,2025-07-20T07:00:00
Abu Dhabi,Krakow,2025-07-20T07:00:00,2025-07-23T23:59:59,2025-07-20T07:00:00
Abu Dhabi,Kutaisi,2025-07-20T07:00:00,2025-07-23T23:59:59,2025-07-20T07:00:00
Abu Dhabi,Larnaca,2025-07-20T07:00:00,2025-07-23T23:59:59,2025-07-20T07:00:00
Abu Dhabi,Sarajevo,2025-07-20T07:00:00,2025-07-23T23:59:59,2025-07-20T07:00:00
Abu Dhabi,Tashkent,2025-07-20T07:00:00,2025-07-23T23:59:59,2025-07-20T07:00:00
Abu Dhabi,Tirana,2025-07-20T07:00:00,2025-07-23T23:59:59,2025-07-20T07:00:00
Abu Dhabi,Yerevan,2025-07-20T07:00:00,2025-07-23T23:59:59,2025-07-20T07:00:00
Alexandria,Abu Dhabi,2025-07-20T07:00:00,2025-07-23T23:59:59,2025-07-20T07:00:00
Alghero,Bucharest,2025-07-20T07:00:00,2025-07-23T23:59:59,2025-07-20T07:00:00
Alghero,Budapest,2025-07-20T07:00:00,2025-07-23T23:59:59,2025-07-20T07:00:00
Alghero,Sofia,2025-07-20T07:00:00,2025-07-23T23:59:59,2025-07-20T07:00:00
Alicante,Belgrade,2025-07-20T07:00:00,2025-07-23T23:59:59,2025-07-20T07:00:00
Alicante,Gdansk,2025-07-20T07:00:00,2025-07-23T23:59:59,2025-07-20T07:00:00
Alicante,Katowice,2025-07-20T07:00:00,2025-07-23T23:59:59,2025-07-20T07:00:00
Alicante,Rome,2025-07-20T07:00:00,2025-07-23T23:59:59,2025-07-20T07:00:00
Alicante,Warsaw,2025-07-20T07:00:00,2025-07-23T23:59:59,2025-07-20T07:00:00
Almaty,Abu Dhabi,2025-07-20T07:00:00,2025-07-23T23:59:59,2025-07-20T07:00:00
Amman,Abu Dhabi,2025-07-20T07:00:00,2025-07-23T23:59:59,2025-07-20T07:00:00
Antalya,Budapest,2025-07-20T07:00:00,2025-07-23T23:59:59,2025-07-20T07:00:00
Antalya,London,2025-07-20T07:00:00,2025-07-23T23:59:59,2025-07-20T07:00:00
Asyut,Abu Dhabi,2025-07-20T07:00:00,2025-07-23T23:59:59,2025-07-20T07:00:00
Athens,Katowice,2025-07-20T07:00:00,2025-07-23T23:59:59,2025-07-20T07:00:00
Athens,Larnaca,2025-07-20T07:00:00,2025-07-23T23:59:59,2025-07-20T07:00:00
Athens,London,2025-07-20T07:00:00,2025-07-23T23:59:59,2025-07-20T07:00:00
Athens,Venice,2025-07-20T07:00:00,2025-07-23T23:59:59,2025-07-20T07:00:00
Bacau,London,2025-07-20T07:00:00,2025-07-23T23:59:59,2025-07-20T07:00:00
Bacau,Rome,2025-07-20T07:00:00,2025-07-23T23:59:59,2025-07-20T07:00:00
Baku,Rome,2025-07-20T07:00:00,2025-07-23T23:59:59,2025-07-20T07:00:00
Banja Luka,Basel/Mulhouse,2025-07-20T07:00:00,2025-07-23T23:59:59,2025-07-20T07:00:00
Banja Luka,Dortmund,2025-07-20T07:00:00,2025-07-23T23:59:59,2025-07-20T07:00:00
Barcelona,Belgrade,2025-07-20T07:00:00,2025-07-23T23:59:59,2025-07-20T07:00:00
Barcelona,Budapest,2025-07-20T07:00:00,2025-07-23T23:59:59,2025-07-20T07:00:00
Barcelona,Milan,2025-07-20T07:00:00,2025-07-23T23:59:59,2025-07-20T07:00:00
Barcelona,Rome,2025-07-20T07:00:00,2025-07-23T23:59:59,2025-07-20T07:00:00
Barcelona,Venice,2025-07-20T07:00:00,2025-07-23T23:59:59,2025-07-20T07:00:00
Barcelona,Vienna,2025-07-20T07:00:00,2025-07-23T23:59:59,2025-07-20T07:00:00
Barcelona,Wroclaw,2025-07-20T07:00:00,2025-07-23T23:59:59,2025-07-20T07:00:00
Bari,Bucharest,2025-07-20T07:00:00,2025-07-23T23:59:59,2025-07-20T07:00:00
Bari,Cluj,2025-07-20T07:00:00,2025-07-23T23:59:59,2025-07-20T07:00:00
Bari,Timisoara,2025-07-20T07:00:00,2025-07-23T23:59:59,2025-07-20T07:00:00
Bari,Warsaw,2025-07-20T07:00:00,2025-07-23T23:59:59,2025-07-20T07:00:00
Bari,Wroclaw,2025-07-20T07:00:00,2025-07-23T23:59:59,2025-07-20T07:00:00
Basel/Mulhouse,Iasi,2025-07-20T07:00:00,2025-07-23T23:59:59,2025-07-20T07:00:00
Basel/Mulhouse,Krakow,2025-07-20T07:00:00,2025-07-23T23:59:59,2025-07-20T07:00:00
Basel/Mulhouse,Tirana,2025-07-20T07:00:00,2025-07-23T23:59:59,2025-07-20T07:00:00
Basel/Mulhouse,Wroclaw,2025-07-20T07:00:00,2025-07-23T23:59:59,2025-07-20T07:00:00
Beirut,Abu Dhabi,2025-07-20T07:00:00,2025-07-23T23:59:59,2025-07-20T07:00:00
Belgrade,Basel/Mulhouse,2025-07-20T07:00:00,2025-07-23T23:59:59,2025-07-20T07:00:00
Belgrade,Berlin,2025-07-20T07:00:00,2025-07-23T23:59:59,2025-07-20T07:00:00
Belgrade,Dortmund,2025-07-20T07:00:00,2025-07-23T23:59:59,2025-07-20T07:00:00
Belgrade,Friedrichshafen,2025-07-20T07:00:00,2025-07-23T23:59:59,2025-07-20T07:00:00
Belgrade,Hamburg,2025-07-20T07:00:00,2025-07-23T23:59:59,2025-07-20T07:00:00
Belgrade,Heraklion,2025-07-20T07:00:00,2025-07-23T23:59:59,2025-07-20T07:00:00
Belgrade,Karlsruhe/Baden-Baden,2025-07-20T07:00:00,2025-07-23T23:59:59,2025-07-20T07:00:00
Belgrade,Larnaca,2025-07-20T07:00:00,2025-07-23T23:59:59,2025-07-20T07:00:00
Belgrade,London,2025-07-20T07:00:00,2025-07-23T23:59:59,2025-07-20T07:00:00
Belgrade,Malmo,2025-07-20T07:00:00,2025-07-23T23:59:59,2025-07-20T07:00:00
Belgrade,Malta,2025-07-20T07:00:00,2025-07-23T23:59:59,2025-07-20T07:00:00
Belgrade,Memmingen,2025-07-20T07:00:00,2025-07-23T23:59:59,2025-07-20T07:00:00
Belgrade,Milan,2025-07-20T07:00:00,2025-07-23T23:59:59,2025-07-20T07:00:00
Belgrade,Nice,2025-07-20T07:00:00,2025-07-23T23:59:59,2025-07-20T07:00:00
Belgrade,Paris,2025-07-20T07:00:00,2025-07-23T23:59:59,2025-07-20T07:00:00
Bergen,Gdansk,2025-07-20T07:00:00,2025-07-23T23:59:59,2025-07-20T07:00:00
Bergen,Krakow,2025-07-20T07:00:00,2025-07-23T23:59:59,2025-07-20T07:00:00
Bergen,Vilnius,2025-07-20T07:00:00,2025-07-23T23:59:59,2025-07-20T07:00:00
Berlin,Chisinau,2025-07-20T07:00:00,2025-07-23T23:59:59,2025-07-20T07:00:00
Bilbao,Vienna,2025-07-20T07:00:00,2025-07-23T23:59:59,2025-07-20T07:00:00
Bilbao,Warsaw,2025-07-20T07:00:00,2025-07-23T23:59:59,2025-07-20T07:00:00
Billund,Bucharest,2025-07-20T07:00:00,2025-07-23T23:59:59,2025-07-20T07:00:00
Bishkek,Abu Dhabi,2025-07-20T07:00:00,2025-07-23T23:59:59,2025-07-20T07:00:00
Bologna,Chisinau,2025-07-20T07:00:00,2025-07-23T23:59:59,2025-07-20T07:00:00
Bologna,Krakow,2025-07-20T07:00:00,2025-07-23T23:59:59,2025-07-20T07:00:00
Bologna,Timisoara,2025-07-20T07:00:00,2025-07-23T23:59:59,2025-07-20T07:00:00
Bologna,Warsaw,2025-07-20T07:00:00,2025-07-23T23:59:59,2025-07-20T07:00:00
Bratislava,London,2025-07-20T07:00:00,2025-07-23T23:59:59,2025-07-20T07:00:00
Brussels,Bucharest,2025-07-20T07:00:00,2025-07-23T23:59:59,2025-07-20T07:00:00
Brussels,Warsaw,2025-07-20T07:00:00,2025-07-23T23:59:59,2025-07-20T07:00:00
Bucharest,Abu Dhabi,2025-07-20T07:00:00,2025-07-23T23:59:59,2025-07-20T07:00:00
Bucharest,Alghero,2025-07-20T07:00:00,2025-07-23T23:59:59,2025-07-20T07:00:00
Bucharest,Alicante,2025-07-20T07:00:00,2025-07-23T23:59:59,2025-07-20T07:00:00
Bucharest,Athens,2025-07-20T07:00:00,2025-07-23T23:59:59,2025-07-20T07:00:00
Bucharest,Barcelona,2025-07-20T07:00:00,2025-07-23T23:59:59,2025-07-20T07:00:00
Bucharest,Bari,2025-07-20T07:00:00,2025-07-23T23:59:59,2025-07-20T07:00:00
Bucharest,Basel/Mulhouse,2025-07-20T07:00:00,2025-07-23T23:59:59,2025-07-20T07:00:00
Bucharest,Birmingham,2025-07-20T07:00:00,2025-07-23T23:59:59,2025-07-20T07:00:00
Bucharest,Bologna,2025-07-20T07:00:00,2025-07-23T23:59:59,2025-07-20T07:00:00
Bucharest,Brussels,2025-07-20T07:00:00,2025-07-23T23:59:59,2025-07-20T07:00:00
Bucharest,Budapest,2025-07-20T07:00:00,2025-07-23T23:59:59,2025-07-20T07:00:00
Bucharest,Castellon,2025-07-20T07:00:00,2025-07-23T23:59:59,2025-07-20T07:00:00
Bucharest,Catania,2025-07-20T07:00:00,2025-07-23T23:59:59,2025-07-20T07:00:00
Bucharest,Chisinau,2025-07-20T07:00:00,2025-07-23T23:59:59,2025-07-20T07:00:00
Bucharest,Dortmund,2025-07-20T07:00:00,2025-07-23T23:59:59,2025-07-20T07:00:00
Bucharest,Eindhoven,2025-07-20T07:00:00,2025-07-23T23:59:59,2025-07-20T07:00:00
Bucharest,Hamburg,2025-07-20T07:00:00,2025-07-23T23:59:59,2025-07-20T07:00:00
Bucharest,Heraklion,2025-07-20T07:00:00,2025-07-23T23:59:59,2025-07-20T07:00:00
Bucharest,Kerkyra,2025-07-20T07:00:00,2025-07-23T23:59:59,2025-07-20T07:00:00
Bucharest,Leeds/Bradford,2025-07-20T07:00:00,2025-07-23T23:59:59,2025-07-20T07:00:00
Bucharest,Leipzig/Halle,2025-07-20T07:00:00,2025-07-23T23:59:59,2025-07-20T07:00:00
Bucharest,Lisbon,2025-07-20T07:00:00,2025-07-23T23:59:59,2025-07-20T07:00:00
Bucharest,Liverpool,2025-07-20T07:00:00,2025-07-23T23:59:59,2025-07-20T07:00:00
Bucharest,London,2025-07-20T07:00:00,2025-07-23T23:59:59,2025-07-20T07:00:00
Bucharest,Lyon,2025-07-20T07:00:00,2025-07-23T23:59:59,2025-07-20T07:00:00
Bucharest,Madrid,2025-07-20T07:00:00,2025-07-23T23:59:59,2025-07-20T07:00:00
Bucharest,Malaga,2025-07-20T07:00:00,2025-07-23T23:59:59,2025-07-20T07:00:00
Bucharest,Malmo,2025-07-20T07:00:00,2025-07-23T23:59:59,2025-07-20T07:00:00
Bucharest,Malta,2025-07-20T07:00:00,2025-07-23T23:59:59,2025-07-20T07:00:00
Bucharest,Memmingen,2025-07-20T07:00:00,2025-07-23T23:59:59,2025-07-20T07:00:00
Bucharest,Milan,2025-07-20T07:00:00,2025-07-23T23:59:59,2025-07-20T07:00:00
Bucharest,Naples,2025-07-20T07:00:00,2025-07-23T23:59:59,2025-07-20T07:00:00
Bucharest,Nice,2025-07-20T07:00:00,2025-07-23T23:59:59,2025-07-20T07:00:00
Bucharest,Nuremberg,2025-07-20T07:00:00,2025-07-23T23:59:59,2025-07-20T07:00:00
Bucharest,Palma De Mallorca,2025-07-20T07:00:00,2025-07-23T23:59:59,2025-07-20T07:00:00
Bucharest,Paris,2025-07-20T07:00:00,2025-07-23T23:59:59,2025-07-20T07:00:00
Bucharest,Pisa,2025-07-20T07:00:00,2025-07-23T23:59:59,2025-07-20T07:00:00
Bucharest,Rome,2025-07-20T07:00:00,2025-07-23T23:59:59,2025-07-20T07:00:00
Bucharest,Sevilla,2025-07-20T07:00:00,2025-07-23T23:59:59,2025-07-20T07:00:00
Bucharest,Turin,2025-07-20T07:00:00,2025-07-23T23:59:59,2025-07-20T07:00:00
Bucharest,Valencia,2025-07-20T07:00:00,2025-07-23T23:59:59,2025-07-20T07:00:00
Bucharest,Venice,2025-07-20T07:00:00,2025-07-23T23:59:59,2025-07-20T07:00:00
Bucharest,Warsaw,2025-07-20T07:00:00,2025-07-23T23:59:59,2025-07-20T07:00:00
Bucharest,Wroclaw,2025-07-20T07:00:00,2025-07-23T23:59:59,2025-07-20T07:00:00
Bucharest,Zakinthos Island,2025-07-20T07:00:00,2025-07-23T23:59:59,2025-07-20T07:00:00
Bucharest,Zaragoza,2025-07-20T07:00:00,2025-07-23T23:59:59,2025-07-20T07:00:00
Budapest,Alghero,2025-07-20T07:00:00,2025-07-23T23:59:59,2025-07-20T07:00:00
Budapest,Alicante,2025-07-20T07:00:00,2025-07-23T23:59:59,2025-07-20T07:00:00
Budapest,Athens,2025-07-20T07:00:00,2025-07-23T23:59:59,2025-07-20T07:00:00
Budapest,Bari,2025-07-20T07:00:00,2025-07-23T23:59:59,2025-07-20T07:00:00
Budapest,Berlin,2025-07-20T07:00:00,2025-07-23T23:59:59,2025-07-20T07:00:00
Budapest,Bilbao,2025-07-20T07:00:00,2025-07-23T23:59:59,2025-07-20T07:00:00
Budapest,Brussels,2025-07-20T07:00:00,2025-07-23T23:59:59,2025-07-20T07:00:00
Budapest,Bucharest,2025-07-20T07:00:00,2025-07-23T23:59:59,2025-07-20T07:00:00
Budapest,Copenhagen,2025-07-20T07:00:00,2025-07-23T23:59:59,2025-07-20T07:00:00
Budapest,Dortmund,2025-07-20T07:00:00,2025-07-23T23:59:59,2025-07-20T07:00:00
Budapest,Eindhoven,2025-07-20T07:00:00,2025-07-23T23:59:59,2025-07-20T07:00:00
Budapest,Girona,2025-07-20T07:00:00,2025-07-23T23:59:59,2025-07-20T07:00:00
Budapest,Glasgow,2025-07-20T07:00:00,2025-07-23T23:59:59,2025-07-20T07:00:00
Budapest,Kerkyra,2025-07-20T07:00:00,2025-07-23T23:59:59,2025-07-20T07:00:00
Budapest,London,2025-07-20T07:00:00,2025-07-23T23:59:59,2025-07-20T07:00:00
Budapest,Madrid,2025-07-20T07:00:00,2025-07-23T23:59:59,2025-07-20T07:00:00
Budapest,Memmingen,2025-07-20T07:00:00,2025-07-23T23:59:59,2025-07-20T07:00:00
Budapest,Milan,2025-07-20T07:00:00,2025-07-23T23:59:59,2025-07-20T07:00:00
Budapest,Naples,2025-07-20T07:00:00,2025-07-23T23:59:59,2025-07-20T07:00:00
Budapest,Paris,2025-07-20T07:00:00,2025-07-23T23:59:59,2025-07-20T07:00:00
Budapest,Rome,2025-07-20T07:00:00,2025-07-23T23:59:59,2025-07-20T07:00:00
Budapest,Santorini,2025-07-20T07:00:00,2025-07-23T23:59:59,2025-07-20T07:00:00
Budapest,Valencia,2025-07-20T07:00:00,2025-07-23T23:59:59,2025-07-20T07:00:00
Budapest,Venice,2025-07-20T07:00:00,2025-07-23T23:59:59,2025-07-20T07:00:00
Budapest,Wroclaw,2025-07-20T07:00:00,2025-07-23T23:59:59,2025-07-20T07:00:00
Burgas,Budapest,2025-07-20T07:00:00,2025-07-23T23:59:59,2025-07-20T07:00:00
Burgas,Gdansk,2025-07-20T07:00:00,2025-07-23T23:59:59,2025-07-20T07:00:00
Burgas,Katowice,2025-07-20T07:00:00,2025-07-23T23:59:59,2025-07-20T07:00:00
Burgas,London,2025-07-20T07:00:00,2025-07-23T23:59:59,2025-07-20T07:00:00
Burgas,Lublin,2025-07-20T07:00:00,2025-07-23T23:59:59,2025-07-20T07:00:00
Burgas,Vienna,2025-07-20T07:00:00,2025-07-23T23:59:59,2025-07-20T07:00:00
Burgas,Warsaw,2025-07-20T07:00:00,2025-07-23T23:59:59,2025-07-20T07:00:00
Catania,Bucharest,2025-07-20T07:00:00,2025-07-23T23:59:59,2025-07-20T07:00:00
Catania,Budapest,2025-07-20T07:00:00,2025-07-23T23:59:59,2025-07-20T07:00:00
Catania,Cluj,2025-07-20T07:00:00,2025-07-23T23:59:59,2025-07-20T07:00:00
Catania,Iasi,2025-07-20T07:00:00,2025-07-23T23:59:59,2025-07-20T07:00:00
Catania,London,2025-07-20T07:00:00,2025-07-23T23:59:59,2025-07-20T07:00:00
Catania,Memmingen,2025-07-20T07:00:00,2025-07-23T23:59:59,2025-07-20T07:00:00
Catania,Warsaw,2025-07-20T07:00:00,2025-07-23T23:59:59,2025-07-20T07:00:00
Chania,Vienna,2025-07-20T07:00:00,2025-07-23T23:59:59,2025-07-20T07:00:00
Chania,Warsaw,2025-07-20T07:00:00,2025-07-23T23:59:59,2025-07-20T07:00:00
Chisinau,Brussels,2025-07-20T07:00:00,2025-07-23T23:59:59,2025-07-20T07:00:00
Chisinau,Budapest,2025-07-20T07:00:00,2025-07-23T23:59:59,2025-07-20T07:00:00
Chisinau,Dortmund,2025-07-20T07:00:00,2025-07-23T23:59:59,2025-07-20T07:00:00
Chisinau,Katowice,2025-07-20T07:00:00,2025-07-23T23:59:59,2025-07-20T07:00:00
Chisinau,London,2025-07-20T07:00:00,2025-07-23T23:59:59,2025-07-20T07:00:00
Chisinau,Milan,2025-07-20T07:00:00,2025-07-23T23:59:59,2025-07-20T07:00:00
Chisinau,Nuremberg,2025-07-20T07:00:00,2025-07-23T23:59:59,2025-07-20T07:00:00
Chisinau,Paris,2025-07-20T07:00:00,2025-07-23T23:59:59,2025-07-20T07:00:00
Chisinau,Rome,2025-07-20T07:00:00,2025-07-23T23:59:59,2025-07-20T07:00:00
Chisinau,Venice,2025-07-20T07:00:00,2025-07-23T23:59:59,2025-07-20T07:00:00
Chisinau,Vienna,2025-07-20T07:00:00,2025-07-23T23:59:59,2025-07-20T07:00:00
Chisinau,Warsaw,2025-07-20T07:00:00,2025-07-23T23:59:59,2025-07-20T07:00:00
Cluj,Alicante,2025-07-20T07:00:00,2025-07-23T23:59:59,2025-07-20T07:00:00
Cluj,Barcelona,2025-07-20T07:00:00,2025-07-23T23:59:59,2025-07-20T07:00:00
Cluj,Bari,2025-07-20T07:00:00,2025-07-23T23:59:59,2025-07-20T07:00:00
Cluj,Basel/Mulhouse,2025-07-20T07:00:00,2025-07-23T23:59:59,2025-07-20T07:00:00
Cluj,Bologna,2025-07-20T07:00:00,2025-07-23T23:59:59,2025-07-20T07:00:00
Cluj,Brussels,2025-07-20T07:00:00,2025-07-23T23:59:59,2025-07-20T07:00:00
Cluj,Castellon,2025-07-20T07:00:00,2025-07-23T23:59:59,2025-07-20T07:00:00
Cluj,Catania,2025-07-20T07:00:00,2025-07-23T23:59:59,2025-07-20T07:00:00
Cluj,Dortmund,2025-07-20T07:00:00,2025-07-23T23:59:59,2025-07-20T07:00:00
Cluj,Frankfurt,2025-07-20T07:00:00,2025-07-23T23:59:59,2025-07-20T07:00:00
Cluj,Kerkyra,2025-07-20T07:00:00,2025-07-23T23:59:59,2025-07-20T07:00:00
Cluj,Leeds/Bradford,2025-07-20T07:00:00,2025-07-23T23:59:59,2025-07-20T07:00:00
Cluj,Lisbon,2025-07-20T07:00:00,2025-07-23T23:59:59,2025-07-20T07:00:00
Cluj,London,2025-07-20T07:00:00,2025-07-23T23:59:59,2025-07-20T07:00:00
Cluj,Lyon,2025-07-20T07:00:00,2025-07-23T23:59:59,2025-07-20T07:00:00
Cluj,Madrid,2025-07-20T07:00:00,2025-07-23T23:59:59,2025-07-20T07:00:00
Cluj,Malaga,2025-07-20T07:00:00,2025-07-23T23:59:59,2025-07-20T07:00:00
Cluj,Memmingen,2025-07-20T07:00:00,2025-07-23T23:59:59,2025-07-20T07:00:00
Cluj,Milan,2025-07-20T07:00:00,2025-07-23T23:59:59,2025-07-20T07:00:00
Cluj,Naples,2025-07-20T07:00:00,2025-07-23T23:59:59,2025-07-20T07:00:00
Cluj,Palma De Mallorca,2025-07-20T07:00:00,2025-07-23T23:59:59,2025-07-20T07:00:00
Cluj,Paris,2025-07-20T07:00:00,2025-07-23T23:59:59,2025-07-20T07:00:00
Cluj,Rome,2025-07-20T07:00:00,2025-07-23T23:59:59,2025-07-20T07:00:00
Cluj,Valencia,2025-07-20T07:00:00,2025-07-23T23:59:59,2025-07-20T07:00:00
Cluj,Venice,2025-07-20T07:00:00,2025-07-23T23:59:59,2025-07-20T07:00:00
Cluj,Zakinthos Island,2025-07-20T07:00:00,2025-07-23T23:59:59,2025-07-20T07:00:00
Cluj,Zaragoza,2025-07-20T07:00:00,2025-07-23T23:59:59,2025-07-20T07:00:00
Constanta,London,2025-07-20T07:00:00,2025-07-23T23:59:59,2025-07-20T07:00:00
Copenhagen,Budapest,2025-07-20T07:00:00,2025-07-23T23:59:59,2025-07-20T07:00:00
Copenhagen,Gdansk,2025-07-20T07:00:00,2025-07-23T23:59:59,2025-07-20T07:00:00
Copenhagen,Warsaw,2025-07-20T07:00:00,2025-07-23T23:59:59,2025-07-20T07:00:00
Craiova,Bari,2025-07-20T07:00:00,2025-07-23T23:59:59,2025-07-20T07:00:00
Craiova,Birmingham,2025-07-20T07:00:00,2025-07-23T23:59:59,2025-07-20T07:00:00
Craiova,Bologna,2025-07-20T07:00:00,2025-07-23T23:59:59,2025-07-20T07:00:00
Craiova,Brussels,2025-07-20T07:00:00,2025-07-23T23:59:59,2025-07-20T07:00:00
Craiova,Dortmund,2025-07-20T07:00:00,2025-07-23T23:59:59,2025-07-20T07:00:00
Craiova,London,2025-07-20T07:00:00,2025-07-23T23:59:59,2025-07-20T07:00:00
Craiova,Madrid,2025-07-20T07:00:00,2025-07-23T23:59:59,2025-07-20T07:00:00
Craiova,Memmingen,2025-07-20T07:00:00,2025-07-23T23:59:59,2025-07-20T07:00:00
Craiova,Milan,2025-07-20T07:00:00,2025-07-23T23:59:59,2025-07-20T07:00:00
Craiova,Rome,2025-07-20T07:00:00,2025-07-23T23:59:59,2025-07-20T07:00:00
Dalaman,London,2025-07-20T07:00:00,2025-07-23T23:59:59,2025-07-20T07:00:00
Dammam,Abu Dhabi,2025-07-20T07:00:00,2025-07-23T23:59:59,2025-07-20T07:00:00
Debrecen,London,2025-07-20T07:00:00,2025-07-23T23:59:59,2025-07-20T07:00:00
Dortmund,Chisinau,2025-07-20T07:00:00,2025-07-23T23:59:59,2025-07-20T07:00:00
Dortmund,Suceava,2025-07-20T07:00:00,2025-07-23T23:59:59,2025-07-20T07:00:00
Dubai,Bucharest,2025-07-20T07:00:00,2025-07-23T23:59:59,2025-07-20T07:00:00
Eindhoven,Gdansk,2025-07-20T07:00:00,2025-07-23T23:59:59,2025-07-20T07:00:00
Eindhoven,Katowice,2025-07-20T07:00:00,2025-07-23T23:59:59,2025-07-20T07:00:00
Eindhoven,Krakow,2025-07-20T07:00:00,2025-07-23T23:59:59,2025-07-20T07:00:00
Eindhoven,Warsaw,2025-07-20T07:00:00,2025-07-23T23:59:59,2025-07-20T07:00:00
Faro,London,2025-07-20T07:00:00,2025-07-23T23:59:59,2025-07-20T07:00:00
Frankfurt,Varna,2025-07-20T07:00:00,2025-07-23T23:59:59,2025-07-20T07:00:00
Friedrichshafen,Belgrade,2025-07-20T07:00:00,2025-07-23T23:59:59,2025-07-20T07:00:00
Fuerteventura,Katowice,2025-07-20T07:00:00,2025-07-23T23:59:59,2025-07-20T07:00:00
Gabala,Abu Dhabi,2025-07-20T07:00:00,2025-07-23T23:59:59,2025-07-20T07:00:00
Gdansk,Aberdeen,2025-07-20T07:00:00,2025-07-23T23:59:59,2025-07-20T07:00:00
Gdansk,Barcelona,2025-07-20T07:00:00,2025-07-23T23:59:59,2025-07-20T07:00:00
Gdansk,Billund,2025-07-20T07:00:00,2025-07-23T23:59:59,2025-07-20T07:00:00
Gdansk,Budapest,2025-07-20T07:00:00,2025-07-23T23:59:59,2025-07-20T07:00:00
Gdansk,Dortmund,2025-07-20T07:00:00,2025-07-23T23:59:59,2025-07-20T07:00:00
Gdansk,Eindhoven,2025-07-20T07:00:00,2025-07-23T23:59:59,2025-07-20T07:00:00
Gdansk,Gothenburg,2025-07-20T07:00:00,2025-07-23T23:59:59,2025-07-20T07:00:00
Gdansk,Hamburg,2025-07-20T07:00:00,2025-07-23T23:59:59,2025-07-20T07:00:00
Gdansk,Haugesund,2025-07-20T07:00:00,2025-07-23T23:59:59,2025-07-20T07:00:00
Gdansk,Leeds/Bradford,2025-07-20T07:00:00,2025-07-23T23:59:59,2025-07-20T07:00:00
Gdansk,Liverpool,2025-07-20T07:00:00,2025-07-23T23:59:59,2025-07-20T07:00:00
Gdansk,London,2025-07-20T07:00:00,2025-07-23T23:59:59,2025-07-20T07:00:00
Gdansk,Malaga,2025-07-20T07:00:00,2025-07-23T23:59:59,2025-07-20T07:00:00
Gdansk,Milan,2025-07-20T07:00:00,2025-07-23T23:59:59,2025-07-20T07:00:00
Gdansk,Paris,2025-07-20T07:00:00,2025-07-23T23:59:59,2025-07-20T07:00:00
Gdansk,Reykjavik,2025-07-20T07:00:00,2025-07-23T23:59:59,2025-07-20T07:00:00
Gdansk,Rome,2025-07-20T07:00:00,2025-07-23T23:59:59,2025-07-20T07:00:00
Gdansk,Split,2025-07-20T07:00:00,2025-07-23T23:59:59,2025-07-20T07:00:00
Gdansk,Tirana,2025-07-20T07:00:00,2025-07-23T23:59:59,2025-07-20T07:00:00
Gdansk,Turku,2025-07-20T07:00:00,2025-07-23T23:59:59,2025-07-20T07:00:00
Genoa,Budapest,2025-07-20T07:00:00,2025-07-23T23:59:59,2025-07-20T07:00:00
Genoa,Warsaw,2025-07-20T07:00:00,2025-07-23T23:59:59,2025-07-20T07:00:00
Girona,Budapest,2025-07-20T07:00:00,2025-07-23T23:59:59,2025-07-20T07:00:00
Giza,Abu Dhabi,2025-07-20T07:00:00,2025-07-23T23:59:59,2025-07-20T07:00:00
Giza,London,2025-07-20T07:00:00,2025-07-23T23:59:59,2025-07-20T07:00:00
Giza,Rome,2025-07-20T07:00:00,2025-07-23T23:59:59,2025-07-20T07:00:00
Gothenburg,Gdansk,2025-07-20T07:00:00,2025-07-23T23:59:59,2025-07-20T07:00:00
Gran Canaria,Bucharest,2025-07-20T07:00:00,2025-07-23T23:59:59,2025-07-20T07:00:00
Gran Canaria,Budapest,2025-07-20T07:00:00,2025-07-23T23:59:59,2025-07-20T07:00:00
Gran Canaria,Rome,2025-07-20T07:00:00,2025-07-23T23:59:59,2025-07-20T07:00:00
Hamburg,Varna,2025-07-20T07:00:00,2025-07-23T23:59:59,2025-07-20T07:00:00
Heraklion,Bucharest,2025-07-20T07:00:00,2025-07-23T23:59:59,2025-07-20T07:00:00
Heraklion,Budapest,2025-07-20T07:00:00,2025-07-23T23:59:59,2025-07-20T07:00:00
Heraklion,Cluj,2025-07-20T07:00:00,2025-07-23T23:59:59,2025-07-20T07:00:00
Heraklion,Gdansk,2025-07-20T07:00:00,2025-07-23T23:59:59,2025-07-20T07:00:00
Heraklion,Krakow,2025-07-20T07:00:00,2025-07-23T23:59:59,2025-07-20T07:00:00
Heraklion,Milan,2025-07-20T07:00:00,2025-07-23T23:59:59,2025-07-20T07:00:00
Heraklion,Rome,2025-07-20T07:00:00,2025-07-23T23:59:59,2025-07-20T07:00:00
Heraklion,Warsaw,2025-07-20T07:00:00,2025-07-23T23:59:59,2025-07-20T07:00:00
Hurghada,Budapest,2025-07-20T07:00:00,2025-07-23T23:59:59,2025-07-20T07:00:00
Hurghada,Rome,2025-07-20T07:00:00,2025-07-23T23:59:59,2025-07-20T07:00:00
Iasi,Barcelona,2025-07-20T07:00:00,2025-07-23T23:59:59,2025-07-20T07:00:00
Iasi,Billund,2025-07-20T07:00:00,2025-07-23T23:59:59,2025-07-20T07:00:00
Iasi,Bologna,2025-07-20T07:00:00,2025-07-23T23:59:59,2025-07-20T07:00:00
Iasi,Brussels,2025-07-20T07:00:00,2025-07-23T23:59:59,2025-07-20T07:00:00
Iasi,Catania,2025-07-20T07:00:00,2025-07-23T23:59:59,2025-07-20T07:00:00
Iasi,Dortmund,2025-07-20T07:00:00,2025-07-23T23:59:59,2025-07-20T07:00:00
Iasi,Eindhoven,2025-07-20T07:00:00,2025-07-23T23:59:59,2025-07-20T07:00:00
Iasi,Larnaca,2025-07-20T07:00:00,2025-07-23T23:59:59,2025-07-20T07:00:00
Iasi,Liverpool,2025-07-20T07:00:00,2025-07-23T23:59:59,2025-07-20T07:00:00
Iasi,London,2025-07-20T07:00:00,2025-07-23T23:59:59,2025-07-20T07:00:00
Iasi,Madrid,2025-07-20T07:00:00,2025-07-23T23:59:59,2025-07-20T07:00:00
Iasi,Malmo,2025-07-20T07:00:00,2025-07-23T23:59:59,2025-07-20T07:00:00
Iasi,Memmingen,2025-07-20T07:00:00,2025-07-23T23:59:59,2025-07-20T07:00:00
Iasi,Milan,2025-07-20T07:00:00,2025-07-23T23:59:59,2025-07-20T07:00:00
Iasi,Paris,2025-07-20T07:00:00,2025-07-23T23:59:59,2025-07-20T07:00:00
Iasi,Rome,2025-07-20T07:00:00,2025-07-23T23:59:59,2025-07-20T07:00:00
Iasi,Turin,2025-07-20T07:00:00,2025-07-23T23:59:59,2025-07-20T07:00:00
Iasi,Venice,2025-07-20T07:00:00,2025-07-23T23:59:59,2025-07-20T07:00:00
Ibiza,Rome,2025-07-20T07:00:00,2025-07-23T23:59:59,2025-07-20T07:00:00
Istanbul,Budapest,2025-07-20T07:00:00,2025-07-23T23:59:59,2025-07-20T07:00:00
Istanbul,London,2025-07-20T07:00:00,2025-07-23T23:59:59,2025-07-20T07:00:00
Jeddah,Budapest,2025-07-20T07:00:00,2025-07-23T23:59:59,2025-07-20T07:00:00
Jeddah,London,2025-07-20T07:00:00,2025-07-23T23:59:59,2025-07-20T07:00:00
Jeddah,Milan,2025-07-20T07:00:00,2025-07-23T23:59:59,2025-07-20T07:00:00
Jeddah,Rome,2025-07-20T07:00:00,2025-07-23T23:59:59,2025-07-20T07:00:00
Jeddah,Vienna,2025-07-20T07:00:00,2025-07-23T23:59:59,2025-07-20T07:00:00
Katowice,Alicante,2025-07-20T07:00:00,2025-07-23T23:59:59,2025-07-20T07:00:00
Katowice,Barcelona,2025-07-20T07:00:00,2025-07-23T23:59:59,2025-07-20T07:00:00
Katowice,Dortmund,2025-07-20T07:00:00,2025-07-23T23:59:59,2025-07-20T07:00:00
Katowice,Liverpool,2025-07-20T07:00:00,2025-07-23T23:59:59,2025-07-20T07:00:00
Katowice,London,2025-07-20T07:00:00,2025-07-23T23:59:59,2025-07-20T07:00:00
Katowice,Madeira,2025-07-20T07:00:00,2025-07-23T23:59:59,2025-07-20T07:00:00
Katowice,Madrid,2025-07-20T07:00:00,2025-07-23T23:59:59,2025-07-20T07:00:00
Katowice,Malaga,2025-07-20T07:00:00,2025-07-23T23:59:59,2025-07-20T07:00:00
Katowice,Malta,2025-07-20T07:00:00,2025-07-23T23:59:59,2025-07-20T07:00:00
Katowice,Pisa,2025-07-20T07:00:00,2025-07-23T23:59:59,2025-07-20T07:00:00
Katowice,Rome,2025-07-20T07:00:00,2025-07-23T23:59:59,2025-07-20T07:00:00
Katowice,Split,2025-07-20T07:00:00,2025-07-23T23:59:59,2025-07-20T07:00:00
Kaunas,London,2025-07-20T07:00:00,2025-07-23T23:59:59,2025-07-20T07:00:00
Kerkyra,Budapest,2025-07-20T07:00:00,2025-07-23T23:59:59,2025-07-20T07:00:00
Kerkyra,Cluj,2025-07-20T07:00:00,2025-07-23T23:59:59,2025-07-20T07:00:00
Kerkyra,Katowice,2025-07-20T07:00:00,2025-07-23T23:59:59,2025-07-20T07:00:00
Kerkyra,Milan,2025-07-20T07:00:00,2025-07-23T23:59:59,2025-07-20T07:00:00
Kerkyra,Rome,2025-07-20T07:00:00,2025-07-23T23:59:59,2025-07-20T07:00:00
Kerkyra,Warsaw,2025-07-20T07:00:00,2025-07-23T23:59:59,2025-07-20T07:00:00
Kosice,London,2025-07-20T07:00:00,2025-07-23T23:59:59,2025-07-20T07:00:00
Krakow,Barcelona,2025-07-20T07:00:00,2025-07-23T23:59:59,2025-07-20T07:00:00
Krakow,Basel/Mulhouse,2025-07-20T07:00:00,2025-07-23T23:59:59,2025-07-20T07:00:00
Krakow,Bologna,2025-07-20T07:00:00,2025-07-23T23:59:59,2025-07-20T07:00:00
Krakow,Bucharest,2025-07-20T07:00:00,2025-07-23T23:59:59,2025-07-20T07:00:00
Krakow,Eindhoven,2025-07-20T07:00:00,2025-07-23T23:59:59,2025-07-20T07:00:00
Krakow,Genoa,2025-07-20T07:00:00,2025-07-23T23:59:59,2025-07-20T07:00:00
Krakow,London,2025-07-20T07:00:00,2025-07-23T23:59:59,2025-07-20T07:00:00
Krakow,Lyon,2025-07-20T07:00:00,2025-07-23T23:59:59,2025-07-20T07:00:00
Krakow,Malaga,2025-07-20T07:00:00,2025-07-23T23:59:59,2025-07-20T07:00:00
Krakow,Milan,2025-07-20T07:00:00,2025-07-23T23:59:59,2025-07-20T07:00:00
Krakow,Rome,2025-07-20T07:00:00,2025-07-23T23:59:59,2025-07-20T07:00:00
Krakow,Split,2025-07-20T07:00:00,2025-07-23T23:59:59,2025-07-20T07:00:00
Krakow,Stavanger,2025-07-20T07:00:00,2025-07-23T23:59:59,2025-07-20T07:00:00
Krakow,Valencia,2025-07-20T07:00:00,2025-07-23T23:59:59,2025-07-20T07:00:00
Kutaisi,Athens,2025-07-20T07:00:00,2025-07-23T23:59:59,2025-07-20T07:00:00
Kutaisi,Barcelona,2025-07-20T07:00:00,2025-07-23T23:59:59,2025-07-20T07:00:00
Kutaisi,Berlin,2025-07-20T07:00:00,2025-07-23T23:59:59,2025-07-20T07:00:00
Kutaisi,Brussels,2025-07-20T07:00:00,2025-07-23T23:59:59,2025-07-20T07:00:00
Kutaisi,Dortmund,2025-07-20T07:00:00,2025-07-23T23:59:59,2025-07-20T07:00:00
Kutaisi,Frankfurt,2025-07-20T07:00:00,2025-07-23T23:59:59,2025-07-20T07:00:00
Kutaisi,Hamburg,2025-07-20T07:00:00,2025-07-23T23:59:59,2025-07-20T07:00:00
Kutaisi,Katowice,2025-07-20T07:00:00,2025-07-23T23:59:59,2025-07-20T07:00:00
Kutaisi,Larnaca,2025-07-20T07:00:00,2025-07-23T23:59:59,2025-07-20T07:00:00
Kutaisi,Lyon,2025-07-20T07:00:00,2025-07-23T23:59:59,2025-07-20T07:00:00
Kutaisi,Madrid,2025-07-20T07:00:00,2025-07-23T23:59:59,2025-07-20T07:00:00
Kutaisi,Memmingen,2025-07-20T07:00:00,2025-07-23T23:59:59,2025-07-20T07:00:00
Kutaisi,Milan,2025-07-20T07:00:00,2025-07-23T23:59:59,2025-07-20T07:00:00
Kutaisi,Paris,2025-07-20T07:00:00,2025-07-23T23:59:59,2025-07-20T07:00:00
Kutaisi,Poznan,2025-07-20T07:00:00,2025-07-23T23:59:59,2025-07-20T07:00:00
Kutaisi,Prague,2025-07-20T07:00:00,2025-07-23T23:59:59,2025-07-20T07:00:00
Kutaisi,Rome,2025-07-20T07:00:00,2025-07-23T23:59:59,2025-07-20T07:00:00
Kutaisi,Thessaloniki,2025-07-20T07:00:00,2025-07-23T23:59:59,2025-07-20T07:00:00
Kutaisi,Vienna,2025-07-20T07:00:00,2025-07-23T23:59:59,2025-07-20T07:00:00
Kutaisi,Vilnius,2025-07-20T07:00:00,2025-07-23T23:59:59,2025-07-20T07:00:00
Kutaisi,Warsaw,2025-07-20T07:00:00,2025-07-23T23:59:59,2025-07-20T07:00:00
Kutaisi,Wroclaw,2025-07-20T07:00:00,2025-07-23T23:59:59,2025-07-20T07:00:00
Larnaca,Abu Dhabi,2025-07-20T07:00:00,2025-07-23T23:59:59,2025-07-20T07:00:00
Larnaca,Athens,2025-07-20T07:00:00,2025-07-23T23:59:59,2025-07-20T07:00:00
Larnaca,Belgrade,2025-07-20T07:00:00,2025-07-23T23:59:59,2025-07-20T07:00:00
Larnaca,Bucharest,2025-07-20T07:00:00,2025-07-23T23:59:59,2025-07-20T07:00:00
Larnaca,Budapest,2025-07-20T07:00:00,2025-07-23T23:59:59,2025-07-20T07:00:00
Larnaca,Debrecen,2025-07-20T07:00:00,2025-07-23T23:59:59,2025-07-20T07:00:00
Larnaca,Gdansk,2025-07-20T07:00:00,2025-07-23T23:59:59,2025-07-20T07:00:00
Larnaca,Kutaisi,2025-07-20T07:00:00,2025-07-23T23:59:59,2025-07-20T07:00:00
Larnaca,London,2025-07-20T07:00:00,2025-07-23T23:59:59,2025-07-20T07:00:00
Larnaca,Milan,2025-07-20T07:00:00,2025-07-23T23:59:59,2025-07-20T07:00:00
Larnaca,Rome,2025-07-20T07:00:00,2025-07-23T23:59:59,2025-07-20T07:00:00
Larnaca,Thessaloniki,2025-07-20T07:00:00,2025-07-23T23:59:59,2025-07-20T07:00:00
Larnaca,Vienna,2025-07-20T07:00:00,2025-07-23T23:59:59,2025-07-20T07:00:00
Larnaca,Wroclaw,2025-07-20T07:00:00,2025-07-23T23:59:59,2025-07-20T07:00:00
Larnaca,Yerevan,2025-07-20T07:00:00,2025-07-23T23:59:59,2025-07-20T07:00:00
Lisbon,Belgrade,2025-07-20T07:00:00,2025-07-23T23:59:59,2025-07-20T07:00:00
Lisbon,Rome,2025-07-20T07:00:00,2025-07-23T23:59:59,2025-07-20T07:00:00
Liverpool,Gdansk,2025-07-20T07:00:00,2025-07-23T23:59:59,2025-07-20T07:00:00
London,Athens,2025-07-20T07:00:00,2025-07-23T23:59:59,2025-07-20T07:00:00
London,Belgrade,2025-07-20T07:00:00,2025-07-23T23:59:59,2025-07-20T07:00:00
London,Bucharest,2025-07-20T07:00:00,2025-07-23T23:59:59,2025-07-20T07:00:00
London,Catania,2025-07-20T07:00:00,2025-07-23T23:59:59,2025-07-20T07:00:00
London,Chisinau,2025-07-20T07:00:00,2025-07-23T23:59:59,2025-07-20T07:00:00
London,Constanta,2025-07-20T07:00:00,2025-07-23T23:59:59,2025-07-20T07:00:00
London,Faro,2025-07-20T07:00:00,2025-07-23T23:59:59,2025-07-20T07:00:00
London,Giza,2025-07-20T07:00:00,2025-07-23T23:59:59,2025-07-20T07:00:00
London,Plovdiv,2025-07-20T07:00:00,2025-07-23T23:59:59,2025-07-20T07:00:00
London,Satu Mare,2025-07-20T07:00:00,2025-07-23T23:59:59,2025-07-20T07:00:00
London,Skopje,2025-07-20T07:00:00,2025-07-23T23:59:59,2025-07-20T07:00:00
London,Tallinn,2025-07-20T07:00:00,2025-07-23T23:59:59,2025-07-20T07:00:00
London,Tirana,2025-07-20T07:00:00,2025-07-23T23:59:59,2025-07-20T07:00:00
London,Varna,2025-07-20T07:00:00,2025-07-23T23:59:59,2025-07-20T07:00:00
Lublin,London,2025-07-20T07:00:00,2025-07-23T23:59:59,2025-07-20T07:00:00
Lublin,Split,2025-07-20T07:00:00,2025-07-23T23:59:59,2025-07-20T07:00:00
Madeira,Budapest,2025-07-20T07:00:00,2025-07-23T23:59:59,2025-07-20T07:00:00
Madeira,Gdansk,2025-07-20T07:00:00,2025-07-23T23:59:59,2025-07-20T07:00:00
Madeira,Katowice,2025-07-20T07:00:00,2025-07-23T23:59:59,2025-07-20T07:00:00
Madeira,Vienna,2025-07-20T07:00:00,2025-07-23T23:59:59,2025-07-20T07:00:00
Madeira,Warsaw,2025-07-20T07:00:00,2025-07-23T23:59:59,2025-07-20T07:00:00
Madrid,Milan,2025-07-20T07:00:00,2025-07-23T23:59:59,2025-07-20T07:00:00
Madrid,Rome,2025-07-20T07:00:00,2025-07-23T23:59:59,2025-07-20T07:00:00
Madrid,Venice,2025-07-20T07:00:00,2025-07-23T23:59:59,2025-07-20T07:00:00
Malaga,Bucharest,2025-07-20T07:00:00,2025-07-23T23:59:59,2025-07-20T07:00:00
Malaga,Budapest,2025-07-20T07:00:00,2025-07-23T23:59:59,2025-07-20T07:00:00
Malaga,London,2025-07-20T07:00:00,2025-07-23T23:59:59,2025-07-20T07:00:00
Malaga,Milan,2025-07-20T07:00:00,2025-07-23T23:59:59,2025-07-20T07:00:00
Malaga,Rome,2025-07-20T07:00:00,2025-07-23T23:59:59,2025-07-20T07:00:00
Malaga,Vilnius,2025-07-20T07:00:00,2025-07-23T23:59:59,2025-07-20T07:00:00
Malaga,Warsaw,2025-07-20T07:00:00,2025-07-23T23:59:59,2025-07-20T07:00:00
Malaga,Wroclaw,2025-07-20T07:00:00,2025-07-23T23:59:59,2025-07-20T07:00:00
Malmo,Cluj,2025-07-20T07:00:00,2025-07-23T23:59:59,2025-07-20T07:00:00
Malmo,Iasi,2025-07-20T07:00:00,2025-07-23T23:59:59,2025-07-20T07:00:00
Malta,Bucharest,2025-07-20T07:00:00,2025-07-23T23:59:59,2025-07-20T07:00:00
Malta,Budapest,2025-07-20T07:00:00,2025-07-23T23:59:59,2025-07-20T07:00:00
Malta,Warsaw,2025-07-20T07:00:00,2025-07-23T23:59:59,2025-07-20T07:00:00
Marrakech,Budapest,2025-07-20T07:00:00,2025-07-23T23:59:59,2025-07-20T07:00:00
Marrakech,London,2025-07-20T07:00:00,2025-07-23T23:59:59,2025-07-20T07:00:00
Marrakech,Milan,2025-07-20T07:00:00,2025-07-23T23:59:59,2025-07-20T07:00:00
Marrakech,Rome,2025-07-20T07:00:00,2025-07-23T23:59:59,2025-07-20T07:00:00
Marsa Alam,Rome,2025-07-20T07:00:00,2025-07-23T23:59:59,2025-07-20T07:00:00
Memmingen,Chisinau,2025-07-20T07:00:00,2025-07-23T23:59:59,2025-07-20T07:00:00
Memmingen,Craiova,2025-07-20T07:00:00,2025-07-23T23:59:59,2025-07-20T07:00:00
Memmingen,Ohrid,2025-07-20T07:00:00,2025-07-23T23:59:59,2025-07-20T07:00:00
Memmingen,Sibiu,2025-07-20T07:00:00,2025-07-23T23:59:59,2025-07-20T07:00:00
Memmingen,Timisoara,2025-07-20T07:00:00,2025-07-23T23:59:59,2025-07-20T07:00:00
Memmingen,Tirana,2025-07-20T07:00:00,2025-07-23T23:59:59,2025-07-20T07:00:00
Milan,London,2025-07-20T07:00:00,2025-07-23T23:59:59,2025-07-20T07:00:00
Milan,Madrid,2025-07-20T07:00:00,2025-07-23T23:59:59,2025-07-20T07:00:00
Milan,Paris,2025-07-20T07:00:00,2025-07-23T23:59:59,2025-07-20T07:00:00
Milan,Zakinthos Island,2025-07-20T07:00:00,2025-07-23T23:59:59,2025-07-20T07:00:00
Mykonos,Bucharest,2025-07-20T07:00:00,2025-07-23T23:59:59,2025-07-20T07:00:00
Mykonos,Rome,2025-07-20T07:00:00,2025-07-23T23:59:59,2025-07-20T07:00:00
Naples,Cluj,2025-07-20T07:00:00,2025-07-23T23:59:59,2025-07-20T07:00:00
Naples,Katowice,2025-07-20T07:00:00,2025-07-23T23:59:59,2025-07-20T07:00:00
Nice,Krakow,2025-07-20T07:00:00,2025-07-23T23:59:59,2025-07-20T07:00:00
Nice,Rome,2025-07-20T07:00:00,2025-07-23T23:59:59,2025-07-20T07:00:00
Nice,Warsaw,2025-07-20T07:00:00,2025-07-23T23:59:59,2025-07-20T07:00:00
Nice,Wroclaw,2025-07-20T07:00:00,2025-07-23T23:59:59,2025-07-20T07:00:00
Nis,Basel/Mulhouse,2025-07-20T07:00:00,2025-07-23T23:59:59,2025-07-20T07:00:00
Nis,Memmingen,2025-07-20T07:00:00,2025-07-23T23:59:59,2025-07-20T07:00:00
Nuremberg,Cluj,2025-07-20T07:00:00,2025-07-23T23:59:59,2025-07-20T07:00:00
Nuremberg,Sibiu,2025-07-20T07:00:00,2025-07-23T23:59:59,2025-07-20T07:00:00
Ohrid,Dortmund,2025-07-20T07:00:00,2025-07-23T23:59:59,2025-07-20T07:00:00
Ohrid,Memmingen,2025-07-20T07:00:00,2025-07-23T23:59:59,2025-07-20T07:00:00
Ohrid,Vienna,2025-07-20T07:00:00,2025-07-23T23:59:59,2025-07-20T07:00:00
Oslo,Bucharest,2025-07-20T07:00:00,2025-07-23T23:59:59,2025-07-20T07:00:00
Oslo,Gdansk,2025-07-20T07:00:00,2025-07-23T23:59:59,2025-07-20T07:00:00
Oslo,Krakow,2025-07-20T07:00:00,2025-07-23T23:59:59,2025-07-20T07:00:00
Oslo,Szczecin,2025-07-20T07:00:00,2025-07-23T23:59:59,2025-07-20T07:00:00
Oslo,Warsaw,2025-07-20T07:00:00,2025-07-23T23:59:59,2025-07-20T07:00:00
Palma De Mallorca,Budapest,2025-07-20T07:00:00,2025-07-23T23:59:59,2025-07-20T07:00:00
Palma De Mallorca,London,2025-07-20T07:00:00,2025-07-23T23:59:59,2025-07-20T07:00:00
Palma De Mallorca,Rome,2025-07-20T07:00:00,2025-07-23T23:59:59,2025-07-20T07:00:00
Palma De Mallorca,Warsaw,2025-07-20T07:00:00,2025-07-23T23:59:59,2025-07-20T07:00:00
Paris,Milan,2025-07-20T07:00:00,2025-07-23T23:59:59,2025-07-20T07:00:00
Pisa,Bucharest,2025-07-20T07:00:00,2025-07-23T23:59:59,2025-07-20T07:00:00
Pisa,Katowice,2025-07-20T07:00:00,2025-07-23T23:59:59,2025-07-20T07:00:00
Pisa,Warsaw,2025-07-20T07:00:00,2025-07-23T23:59:59,2025-07-20T07:00:00
Podgorica,Dortmund,2025-07-20T07:00:00,2025-07-23T23:59:59,2025-07-20T07:00:00
Podgorica,Katowice,2025-07-20T07:00:00,2025-07-23T23:59:59,2025-07-20T07:00:00
Podgorica,London,2025-07-20T07:00:00,2025-07-23T23:59:59,2025-07-20T07:00:00
Podgorica,Memmingen,2025-07-20T07:00:00,2025-07-23T23:59:59,2025-07-20T07:00:00
Podgorica,Milan,2025-07-20T07:00:00,2025-07-23T23:59:59,2025-07-20T07:00:00
Podgorica,Vienna,2025-07-20T07:00:00,2025-07-23T23:59:59,2025-07-20T07:00:00
Podgorica,Warsaw,2025-07-20T07:00:00,2025-07-23T23:59:59,2025-07-20T07:00:00
Poprad/Tatry,London,2025-07-20T07:00:00,2025-07-23T23:59:59,2025-07-20T07:00:00
Porto,Rome,2025-07-20T07:00:00,2025-07-23T23:59:59,2025-07-20T07:00:00
Porto,Warsaw,2025-07-20T07:00:00,2025-07-23T23:59:59,2025-07-20T07:00:00
Poznan,London,2025-07-20T07:00:00,2025-07-23T23:59:59,2025-07-20T07:00:00
Poznan,Rome,2025-07-20T07:00:00,2025-07-23T23:59:59,2025-07-20T07:00:00
Prague,Catania,2025-07-20T07:00:00,2025-07-23T23:59:59,2025-07-20T07:00:00
Prague,Larnaca,2025-07-20T07:00:00,2025-07-23T23:59:59,2025-07-20T07:00:00
Prague,London,2025-07-20T07:00:00,2025-07-23T23:59:59,2025-07-20T07:00:00
Prague,Rome,2025-07-20T07:00:00,2025-07-23T23:59:59,2025-07-20T07:00:00
Pristina,Dortmund,2025-07-20T07:00:00,2025-07-23T23:59:59,2025-07-20T07:00:00
Pristina,London,2025-07-20T07:00:00,2025-07-23T23:59:59,2025-07-20T07:00:00
Pristina,Memmingen,2025-07-20T07:00:00,2025-07-23T23:59:59,2025-07-20T07:00:00
Pristina,Milan,2025-07-20T07:00:00,2025-07-23T23:59:59,2025-07-20T07:00:00
Pristina,Vienna,2025-07-20T07:00:00,2025-07-23T23:59:59,2025-07-20T07:00:00
Reykjavik,Budapest,2025-07-20T07:00:00,2025-07-23T23:59:59,2025-07-20T07:00:00
Reykjavik,Gdansk,2025-07-20T07:00:00,2025-07-23T23:59:59,2025-07-20T07:00:00
Reykjavik,Katowice,2025-07-20T07:00:00,2025-07-23T23:59:59,2025-07-20T07:00:00
Reykjavik,Milan,2025-07-20T07:00:00,2025-07-23T23:59:59,2025-07-20T07:00:00
Reykjavik,Warsaw,2025-07-20T07:00:00,2025-07-23T23:59:59,2025-07-20T07:00:00
Rhodes,Warsaw,2025-07-20T07:00:00,2025-07-23T23:59:59,2025-07-20T07:00:00
Rome,Belgrade,2025-07-20T07:00:00,2025-07-23T23:59:59,2025-07-20T07:00:00
Rome,Bilbao,2025-07-20T07:00:00,2025-07-23T23:59:59,2025-07-20T07:00:00
Rome,Birmingham,2025-07-20T07:00:00,2025-07-23T23:59:59,2025-07-20T07:00:00
Rome,Chisinau,2025-07-20T07:00:00,2025-07-23T23:59:59,2025-07-20T07:00:00
Rome,Gdansk,2025-07-20T07:00:00,2025-07-23T23:59:59,2025-07-20T07:00:00
Rome,Ibiza,2025-07-20T07:00:00,2025-07-23T23:59:59,2025-07-20T07:00:00
Rome,Katowice,2025-07-20T07:00:00,2025-07-23T23:59:59,2025-07-20T07:00:00
Rome,London,2025-07-20T07:00:00,2025-07-23T23:59:59,2025-07-20T07:00:00
Rome,Madrid,2025-07-20T07:00:00,2025-07-23T23:59:59,2025-07-20T07:00:00
Rome,Malaga,2025-07-20T07:00:00,2025-07-23T23:59:59,2025-07-20T07:00:00
Rome,Mykonos,2025-07-20T07:00:00,2025-07-23T23:59:59,2025-07-20T07:00:00
Rome,Nice,2025-07-20T07:00:00,2025-07-23T23:59:59,2025-07-20T07:00:00
Rome,Palma De Mallorca,2025-07-20T07:00:00,2025-07-23T23:59:59,2025-07-20T07:00:00
Rome,Paris,2025-07-20T07:00:00,2025-07-23T23:59:59,2025-07-20T07:00:00
Rome,Sevilla,2025-07-20T07:00:00,2025-07-23T23:59:59,2025-07-20T07:00:00
Rome,Skiathos,2025-07-20T07:00:00,2025-07-23T23:59:59,2025-07-20T07:00:00
Rome,Timisoara,2025-07-20T07:00:00,2025-07-23T23:59:59,2025-07-20T07:00:00
Rome,Valencia,2025-07-20T07:00:00,2025-07-23T23:59:59,2025-07-20T07:00:00
Rome,Zaragoza,2025-07-20T07:00:00,2025-07-23T23:59:59,2025-07-20T07:00:00
Rzeszow,Milan,2025-07-20T07:00:00,2025-07-23T23:59:59,2025-07-20T07:00:00
Salalah,Abu Dhabi,2025-07-20T07:00:00,2025-07-23T23:59:59,2025-07-20T07:00:00
Salerno,Bucharest,2025-07-20T07:00:00,2025-07-23T23:59:59,2025-07-20T07:00:00
Santorini,Bucharest,2025-07-20T07:00:00,2025-07-23T23:59:59,2025-07-20T07:00:00
Santorini,Budapest,2025-07-20T07:00:00,2025-07-23T23:59:59,2025-07-20T07:00:00
Santorini,Rome,2025-07-20T07:00:00,2025-07-23T23:59:59,2025-07-20T07:00:00
Santorini,Warsaw,2025-07-20T07:00:00,2025-07-23T23:59:59,2025-07-20T07:00:00
Sarajevo,London,2025-07-20T07:00:00,2025-07-23T23:59:59,2025-07-20T07:00:00
Sarajevo,Rome,2025-07-20T07:00:00,2025-07-23T23:59:59,2025-07-20T07:00:00
Satu Mare,London,2025-07-20T07:00:00,2025-07-23T23:59:59,2025-07-20T07:00:00
Sevilla,Warsaw,2025-07-20T07:00:00,2025-07-23T23:59:59,2025-07-20T07:00:00
Sharm el-Sheikh,Milan,2025-07-20T07:00:00,2025-07-23T23:59:59,2025-07-20T07:00:00
Sharm el-Sheikh,Rome,2025-07-20T07:00:00,2025-07-23T23:59:59,2025-07-20T07:00:00
Sharm el-Sheikh,Venice,2025-07-20T07:00:00,2025-07-23T23:59:59,2025-07-20T07:00:00
Sibiu,Dortmund,2025-07-20T07:00:00,2025-07-23T23:59:59,2025-07-20T07:00:00
Sibiu,Karlsruhe/Baden-Baden,2025-07-20T07:00:00,2025-07-23T23:59:59,2025-07-20T07:00:00
Sibiu,London,2025-07-20T07:00:00,2025-07-23T23:59:59,2025-07-20T07:00:00
Skiathos,Milan,2025-07-20T07:00:00,2025-07-23T23:59:59,2025-07-20T07:00:00
Skiathos,Rome,2025-07-20T07:00:00,2025-07-23T23:59:59,2025-07-20T07:00:00
Skopje,Barcelona,2025-07-20T07:00:00,2025-07-23T23:59:59,2025-07-20T07:00:00
Skopje,Basel/Mulhouse,2025-07-20T07:00:00,2025-07-23T23:59:59,2025-07-20T07:00:00
Skopje,Berlin,2025-07-20T07:00:00,2025-07-23T23:59:59,2025-07-20T07:00:00
Skopje,Bologna,2025-07-20T07:00:00,2025-07-23T23:59:59,2025-07-20T07:00:00
Skopje,Bratislava,2025-07-20T07:00:00,2025-07-23T23:59:59,2025-07-20T07:00:00
Skopje,Brussels,2025-07-20T07:00:00,2025-07-23T23:59:59,2025-07-20T07:00:00
Skopje,Dortmund,2025-07-20T07:00:00,2025-07-23T23:59:59,2025-07-20T07:00:00
Skopje,Eindhoven,2025-07-20T07:00:00,2025-07-23T23:59:59,2025-07-20T07:00:00
Skopje,Frankfurt,2025-07-20T07:00:00,2025-07-23T23:59:59,2025-07-20T07:00:00
Skopje,Friedrichshafen,2025-07-20T07:00:00,2025-07-23T23:59:59,2025-07-20T07:00:00
Skopje,Gothenburg,2025-07-20T07:00:00,2025-07-23T23:59:59,2025-07-20T07:00:00
Skopje,Karlsruhe/Baden-Baden,2025-07-20T07:00:00,2025-07-23T23:59:59,2025-07-20T07:00:00
Skopje,Ljubljana,2025-07-20T07:00:00,2025-07-23T23:59:59,2025-07-20T07:00:00
Skopje,London,2025-07-20T07:00:00,2025-07-23T23:59:59,2025-07-20T07:00:00
Skopje,Lyon,2025-07-20T07:00:00,2025-07-23T23:59:59,2025-07-20T07:00:00
Skopje,Malmo,2025-07-20T07:00:00,2025-07-23T23:59:59,2025-07-20T07:00:00
Skopje,Malta,2025-07-20T07:00:00,2025-07-23T23:59:59,2025-07-20T07:00:00
Skopje,Memmingen,2025-07-20T07:00:00,2025-07-23T23:59:59,2025-07-20T07:00:00
Skopje,Milan,2025-07-20T07:00:00,2025-07-23T23:59:59,2025-07-20T07:00:00
Skopje,Nuremberg,2025-07-20T07:00:00,2025-07-23T23:59:59,2025-07-20T07:00:00
Skopje,Oslo,2025-07-20T07:00:00,2025-07-23T23:59:59,2025-07-20T07:00:00
Skopje,Paris,2025-07-20T07:00:00,2025-07-23T23:59:59,2025-07-20T07:00:00
Skopje,Rome,2025-07-20T07:00:00,2025-07-23T23:59:59,2025-07-20T07:00:00
Skopje,Venice,2025-07-20T07:00:00,2025-07-23T23:59:59,2025-07-20T07:00:00
Sofia,Alghero,2025-07-20T07:00:00,2025-07-23T23:59:59,2025-07-20T07:00:00
Sofia,Barcelona,2025-07-20T07:00:00,2025-07-23T23:59:59,2025-07-20T07:00:00
Sofia,Bari,2025-07-20T07:00:00,2025-07-23T23:59:59,2025-07-20T07:00:00
Sofia,Basel/Mulhouse,2025-07-20T07:00:00,2025-07-23T23:59:59,2025-07-20T07:00:00
Sofia,Brussels,2025-07-20T07:00:00,2025-07-23T23:59:59,2025-07-20T07:00:00
Sofia,Dortmund,2025-07-20T07:00:00,2025-07-23T23:59:59,2025-07-20T07:00:00
Sofia,Eindhoven,2025-07-20T07:00:00,2025-07-23T23:59:59,2025-07-20T07:00:00
Sofia,Frankfurt,2025-07-20T07:00:00,2025-07-23T23:59:59,2025-07-20T07:00:00
Sofia,Hamburg,2025-07-20T07:00:00,2025-07-23T23:59:59,2025-07-20T07:00:00
Sofia,Krakow,2025-07-20T07:00:00,2025-07-23T23:59:59,2025-07-20T07:00:00
Sofia,Larnaca,2025-07-20T07:00:00,2025-07-23T23:59:59,2025-07-20T07:00:00
Sofia,London,2025-07-20T07:00:00,2025-07-23T23:59:59,2025-07-20T07:00:00
Sofia,Lyon,2025-07-20T07:00:00,2025-07-23T23:59:59,2025-07-20T07:00:00
Sofia,Madrid,2025-07-20T07:00:00,2025-07-23T23:59:59,2025-07-20T07:00:00
Sofia,Memmingen,2025-07-20T07:00:00,2025-07-23T23:59:59,2025-07-20T07:00:00
Sofia,Milan,2025-07-20T07:00:00,2025-07-23T23:59:59,2025-07-20T07:00:00
Sofia,Naples,2025-07-20T07:00:00,2025-07-23T23:59:59,2025-07-20T07:00:00
Sofia,Nice,2025-07-20T07:00:00,2025-07-23T23:59:59,2025-07-20T07:00:00
Sofia,Paris,2025-07-20T07:00:00,2025-07-23T23:59:59,2025-07-20T07:00:00
Sofia,Rome,2025-07-20T07:00:00,2025-07-23T23:59:59,2025-07-20T07:00:00
Sofia,Stuttgart,2025-07-20T07:00:00,2025-07-23T23:59:59,2025-07-20T07:00:00
Sofia,Valencia,2025-07-20T07:00:00,2025-07-23T23:59:59,2025-07-20T07:00:00
Split,Gdansk,2025-07-20T07:00:00,2025-07-23T23:59:59,2025-07-20T07:00:00
Split,London,2025-07-20T07:00:00,2025-07-23T23:59:59,2025-07-20T07:00:00
Split,Lublin,2025-07-20T07:00:00,2025-07-23T23:59:59,2025-07-20T07:00:00
Split,Wroclaw,2025-07-20T07:00:00,2025-07-23T23:59:59,2025-07-20T07:00:00
Stavanger,Gdansk,2025-07-20T07:00:00,2025-07-23T23:59:59,2025-07-20T07:00:00
Stockholm,Gdansk,2025-07-20T07:00:00,2025-07-23T23:59:59,2025-07-20T07:00:00
Stockholm,Warsaw,2025-07-20T07:00:00,2025-07-23T23:59:59,2025-07-20T07:00:00
Stuttgart,Bucharest,2025-07-20T07:00:00,2025-07-23T23:59:59,2025-07-20T07:00:00
Stuttgart,Budapest,2025-07-20T07:00:00,2025-07-23T23:59:59,2025-07-20T07:00:00
Stuttgart,Cluj,2025-07-20T07:00:00,2025-07-23T23:59:59,2025-07-20T07:00:00
Suceava,London,2025-07-20T07:00:00,2025-07-23T23:59:59,2025-07-20T07:00:00
Suceava,Memmingen,2025-07-20T07:00:00,2025-07-23T23:59:59,2025-07-20T07:00:00
Suceava,Milan,2025-07-20T07:00:00,2025-07-23T23:59:59,2025-07-20T07:00:00
Suceava,Rome,2025-07-20T07:00:00,2025-07-23T23:59:59,2025-07-20T07:00:00
Tallinn,London,2025-07-20T07:00:00,2025-07-23T23:59:59,2025-07-20T07:00:00
Targu-Mures,Budapest,2025-07-20T07:00:00,2025-07-23T23:59:59,2025-07-20T07:00:00
Tenerife,Budapest,2025-07-20T07:00:00,2025-07-23T23:59:59,2025-07-20T07:00:00
Tenerife,Katowice,2025-07-20T07:00:00,2025-07-23T23:59:59,2025-07-20T07:00:00
Tenerife,Milan,2025-07-20T07:00:00,2025-07-23T23:59:59,2025-07-20T07:00:00
Tenerife,Rome,2025-07-20T07:00:00,2025-07-23T23:59:59,2025-07-20T07:00:00
Tenerife,Venice,2025-07-20T07:00:00,2025-07-23T23:59:59,2025-07-20T07:00:00
Tenerife,Warsaw,2025-07-20T07:00:00,2025-07-23T23:59:59,2025-07-20T07:00:00
Thessaloniki,Kutaisi,2025-07-20T07:00:00,2025-07-23T23:59:59,2025-07-20T07:00:00
Thessaloniki,Larnaca,2025-07-20T07:00:00,2025-07-23T23:59:59,2025-07-20T07:00:00
Timisoara,Barcelona,2025-07-20T07:00:00,2025-07-23T23:59:59,2025-07-20T07:00:00
Timisoara,Bari,2025-07-20T07:00:00,2025-07-23T23:59:59,2025-07-20T07:00:00
Timisoara,Dortmund,2025-07-20T07:00:00,2025-07-23T23:59:59,2025-07-20T07:00:00
Timisoara,Karlsruhe/Baden-Baden,2025-07-20T07:00:00,2025-07-23T23:59:59,2025-07-20T07:00:00
Timisoara,London,2025-07-20T07:00:00,2025-07-23T23:59:59,2025-07-20T07:00:00
Timisoara,Madrid,2025-07-20T07:00:00,2025-07-23T23:59:59,2025-07-20T07:00:00
Timisoara,Milan,2025-07-20T07:00:00,2025-07-23T23:59:59,2025-07-20T07:00:00
Timisoara,Rome,2025-07-20T07:00:00,2025-07-23T23:59:59,2025-07-20T07:00:00
Timisoara,Zakinthos Island,2025-07-20T07:00:00,2025-07-23T23:59:59,2025-07-20T07:00:00
Tirana,Abu Dhabi,2025-07-20T07:00:00,2025-07-23T23:59:59,2025-07-20T07:00:00
Tirana,Ancona,2025-07-20T07:00:00,2025-07-23T23:59:59,2025-07-20T07:00:00
Tirana,Athens,2025-07-20T07:00:00,2025-07-23T23:59:59,2025-07-20T07:00:00
Tirana,Barcelona,2025-07-20T07:00:00,2025-07-23T23:59:59,2025-07-20T07:00:00
Tirana,Bari,2025-07-20T07:00:00,2025-07-23T23:59:59,2025-07-20T07:00:00
Tirana,Basel/Mulhouse,2025-07-20T07:00:00,2025-07-23T23:59:59,2025-07-20T07:00:00
Tirana,Berlin,2025-07-20T07:00:00,2025-07-23T23:59:59,2025-07-20T07:00:00
Tirana,Bologna,2025-07-20T07:00:00,2025-07-23T23:59:59,2025-07-20T07:00:00
Tirana,Brussels,2025-07-20T07:00:00,2025-07-23T23:59:59,2025-07-20T07:00:00
Tirana,Budapest,2025-07-20T07:00:00,2025-07-23T23:59:59,2025-07-20T07:00:00
Tirana,Comiso,2025-07-20T07:00:00,2025-07-23T23:59:59,2025-07-20T07:00:00
Tirana,Dortmund,2025-07-20T07:00:00,2025-07-23T23:59:59,2025-07-20T07:00:00
Tirana,Eindhoven,2025-07-20T07:00:00,2025-07-23T23:59:59,2025-07-20T07:00:00
Tirana,Frankfurt,2025-07-20T07:00:00,2025-07-23T23:59:59,2025-07-20T07:00:00
Tirana,Gdansk,2025-07-20T07:00:00,2025-07-23T23:59:59,2025-07-20T07:00:00
Tirana,Genoa,2025-07-20T07:00:00,2025-07-23T23:59:59,2025-07-20T07:00:00
Tirana,Hamburg,2025-07-20T07:00:00,2025-07-23T23:59:59,2025-07-20T07:00:00
Tirana,Karlsruhe/Baden-Baden,2025-07-20T07:00:00,2025-07-23T23:59:59,2025-07-20T07:00:00
Tirana,Katowice,2025-07-20T07:00:00,2025-07-23T23:59:59,2025-07-20T07:00:00
Tirana,Krakow,2025-07-20T07:00:00,2025-07-23T23:59:59,2025-07-20T07:00:00
Tirana,Leipzig/Halle,2025-07-20T07:00:00,2025-07-23T23:59:59,2025-07-20T07:00:00
Tirana,London,2025-07-20T07:00:00,2025-07-23T23:59:59,2025-07-20T07:00:00
Tirana,Lyon,2025-07-20T07:00:00,2025-07-23T23:59:59,2025-07-20T07:00:00
Tirana,Madrid,2025-07-20T07:00:00,2025-07-23T23:59:59,2025-07-20T07:00:00
Tirana,Malmo,2025-07-20T07:00:00,2025-07-23T23:59:59,2025-07-20T07:00:00
Tirana,Memmingen,2025-07-20T07:00:00,2025-07-23T23:59:59,2025-07-20T07:00:00
Tirana,Milan,2025-07-20T07:00:00,2025-07-23T23:59:59,2025-07-20T07:00:00
Tirana,Naples,2025-07-20T07:00:00,2025-07-23T23:59:59,2025-07-20T07:00:00
Tirana,Nice,2025-07-20T07:00:00,2025-07-23T23:59:59,2025-07-20T07:00:00
Tirana,Nuremberg,2025-07-20T07:00:00,2025-07-23T23:59:59,2025-07-20T07:00:00
Tirana,Oslo,2025-07-20T07:00:00,2025-07-23T23:59:59,2025-07-20T07:00:00
Tirana,Paris,2025-07-20T07:00:00,2025-07-23T23:59:59,2025-07-20T07:00:00
Tirana,Perugia,2025-07-20T07:00:00,2025-07-23T23:59:59,2025-07-20T07:00:00
Tirana,Pescara,2025-07-20T07:00:00,2025-07-23T23:59:59,2025-07-20T07:00:00
Tirana,Pisa,2025-07-20T07:00:00,2025-07-23T23:59:59,2025-07-20T07:00:00
Tirana,Poznan,2025-07-20T07:00:00,2025-07-23T23:59:59,2025-07-20T07:00:00
Tirana,Prague,2025-07-20T07:00:00,2025-07-23T23:59:59,2025-07-20T07:00:00
Tirana,Rimini,2025-07-20T07:00:00,2025-07-23T23:59:59,2025-07-20T07:00:00
Tirana,Rome,2025-07-20T07:00:00,2025-07-23T23:59:59,2025-07-20T07:00:00
Tirana,Salerno,2025-07-20T07:00:00,2025-07-23T23:59:59,2025-07-20T07:00:00
Tirana,Stuttgart,2025-07-20T07:00:00,2025-07-23T23:59:59,2025-07-20T07:00:00
Tirana,Trieste,2025-07-20T07:00:00,2025-07-23T23:59:59,2025-07-20T07:00:00
Tirana,Turin,2025-07-20T07:00:00,2025-07-23T23:59:59,2025-07-20T07:00:00
Tirana,Valencia,2025-07-20T07:00:00,2025-07-23T23:59:59,2025-07-20T07:00:00
Tirana,Venice,2025-07-20T07:00:00,2025-07-23T23:59:59,2025-07-20T07:00:00
Tirana,Verona,2025-07-20T07:00:00,2025-07-23T23:59:59,2025-07-20T07:00:00
Tirana,Vienna,2025-07-20T07:00:00,2025-07-23T23:59:59,2025-07-20T07:00:00
Tirana,Warsaw,2025-07-20T07:00:00,2025-07-23T23:59:59,2025-07-20T07:00:00
Tirana,Wroclaw,2025-07-20T07:00:00,2025-07-23T23:59:59,2025-07-20T07:00:00
Tromso,Gdansk,2025-07-20T07:00:00,2025-07-23T23:59:59,2025-07-20T07:00:00
Trondheim,Gdansk,2025-07-20T07:00:00,2025-07-23T23:59:59,2025-07-20T07:00:00
Turku,Gdansk,2025-07-20T07:00:00,2025-07-23T23:59:59,2025-07-20T07:00:00
Tuzla,Basel/Mulhouse,2025-07-20T07:00:00,2025-07-23T23:59:59,2025-07-20T07:00:00
Tuzla,Dortmund,2025-07-20T07:00:00,2025-07-23T23:59:59,2025-07-20T07:00:00
Tuzla,Memmingen,2025-07-20T07:00:00,2025-07-23T23:59:59,2025-07-20T07:00:00
Tuzla,Vienna,2025-07-20T07:00:00,2025-07-23T23:59:59,2025-07-20T07:00:00
Valencia,Milan,2025-07-20T07:00:00,2025-07-23T23:59:59,2025-07-20T07:00:00
Valencia,Rome,2025-07-20T07:00:00,2025-07-23T23:59:59,2025-07-20T07:00:00
Valencia,Timisoara,2025-07-20T07:00:00,2025-07-23T23:59:59,2025-07-20T07:00:00
Varna,Berlin,2025-07-20T07:00:00,2025-07-23T23:59:59,2025-07-20T07:00:00
Varna,Brussels,2025-07-20T07:00:00,2025-07-23T23:59:59,2025-07-20T07:00:00
Varna,Dortmund,2025-07-20T07:00:00,2025-07-23T23:59:59,2025-07-20T07:00:00
Varna,Eindhoven,2025-07-20T07:00:00,2025-07-23T23:59:59,2025-07-20T07:00:00
Varna,Leipzig/Halle,2025-07-20T07:00:00,2025-07-23T23:59:59,2025-07-20T07:00:00
Varna,London,2025-07-20T07:00:00,2025-07-23T23:59:59,2025-07-20T07:00:00
Varna,Memmingen,2025-07-20T07:00:00,2025-07-23T23:59:59,2025-07-20T07:00:00
Varna,Nuremberg,2025-07-20T07:00:00,2025-07-23T23:59:59,2025-07-20T07:00:00
Venice,Budapest,2025-07-20T07:00:00,2025-07-23T23:59:59,2025-07-20T07:00:00
Venice,Madrid,2025-07-20T07:00:00,2025-07-23T23:59:59,2025-07-20T07:00:00
Vienna,Barcelona,2025-07-20T07:00:00,2025-07-23T23:59:59,2025-07-20T07:00:00
Vienna,Chisinau,2025-07-20T07:00:00,2025-07-23T23:59:59,2025-07-20T07:00:00
Vienna,Cluj,2025-07-20T07:00:00,2025-07-23T23:59:59,2025-07-20T07:00:00
Vienna,Kerkyra,2025-07-20T07:00:00,2025-07-23T23:59:59,2025-07-20T07:00:00
Vienna,London,2025-07-20T07:00:00,2025-07-23T23:59:59,2025-07-20T07:00:00
Vienna,Malaga,2025-07-20T07:00:00,2025-07-23T23:59:59,2025-07-20T07:00:00
Vienna,Zakinthos Island,2025-07-20T07:00:00,2025-07-23T23:59:59,2025-07-20T07:00:00
Vilnius,Billund,2025-07-20T07:00:00,2025-07-23T23:59:59,2025-07-20T07:00:00
Vilnius,Dortmund,2025-07-20T07:00:00,2025-07-23T23:59:59,2025-07-20T07:00:00
Vilnius,Eindhoven,2025-07-20T07:00:00,2025-07-23T23:59:59,2025-07-20T07:00:00
Vilnius,London,2025-07-20T07:00:00,2025-07-23T23:59:59,2025-07-20T07:00:00
Vilnius,Malaga,2025-07-20T07:00:00,2025-07-23T23:59:59,2025-07-20T07:00:00
Vilnius,Milan,2025-07-20T07:00:00,2025-07-23T23:59:59,2025-07-20T07:00:00
Warsaw,Barcelona,2025-07-20T07:00:00,2025-07-23T23:59:59,2025-07-20T07:00:00
Warsaw,Bologna,2025-07-20T07:00:00,2025-07-23T23:59:59,2025-07-20T07:00:00
Warsaw,Brussels,2025-07-20T07:00:00,2025-07-23T23:59:59,2025-07-20T07:00:00
Warsaw,Bucharest,2025-07-20T07:00:00,2025-07-23T23:59:59,2025-07-20T07:00:00
Warsaw,Dortmund,2025-07-20T07:00:00,2025-07-23T23:59:59,2025-07-20T07:00:00
Warsaw,Dubrovnik,2025-07-20T07:00:00,2025-07-23T23:59:59,2025-07-20T07:00:00
Warsaw,Eindhoven,2025-07-20T07:00:00,2025-07-23T23:59:59,2025-07-20T07:00:00
Warsaw,Genoa,2025-07-20T07:00:00,2025-07-23T23:59:59,2025-07-20T07:00:00
Warsaw,Larnaca,2025-07-20T07:00:00,2025-07-23T23:59:59,2025-07-20T07:00:00
Warsaw,Leeds/Bradford,2025-07-20T07:00:00,2025-07-23T23:59:59,2025-07-20T07:00:00
Warsaw,Lisbon,2025-07-20T07:00:00,2025-07-23T23:59:59,2025-07-20T07:00:00
Warsaw,Liverpool,2025-07-20T07:00:00,2025-07-23T23:59:59,2025-07-20T07:00:00
Warsaw,London,2025-07-20T07:00:00,2025-07-23T23:59:59,2025-07-20T07:00:00
Warsaw,Madrid,2025-07-20T07:00:00,2025-07-23T23:59:59,2025-07-20T07:00:00
Warsaw,Milan,2025-07-20T07:00:00,2025-07-23T23:59:59,2025-07-20T07:00:00
Warsaw,Naples,2025-07-20T07:00:00,2025-07-23T23:59:59,2025-07-20T07:00:00
Warsaw,Olbia,2025-07-20T07:00:00,2025-07-23T23:59:59,2025-07-20T07:00:00
Warsaw,Paris,2025-07-20T07:00:00,2025-07-23T23:59:59,2025-07-20T07:00:00
Warsaw,Pisa,2025-07-20T07:00:00,2025-07-23T23:59:59,2025-07-20T07:00:00
Warsaw,Rome,2025-07-20T07:00:00,2025-07-23T23:59:59,2025-07-20T07:00:00
Warsaw,Split,2025-07-20T07:00:00,2025-07-23T23:59:59,2025-07-20T07:00:00
Warsaw,Tirana,2025-07-20T07:00:00,2025-07-23T23:59:59,2025-07-20T07:00:00
Warsaw,Valencia,2025-07-20T07:00:00,2025-07-23T23:59:59,2025-07-20T07:00:00
Warsaw,Venice,2025-07-20T07:00:00,2025-07-23T23:59:59,2025-07-20T07:00:00
Wroclaw,Barcelona,2025-07-20T07:00:00,2025-07-23T23:59:59,2025-07-20T07:00:00
Wroclaw,Bari,2025-07-20T07:00:00,2025-07-23T23:59:59,2025-07-20T07:00:00
Wroclaw,Basel/Mulhouse,2025-07-20T07:00:00,2025-07-23T23:59:59,2025-07-20T07:00:00
Wroclaw,Bucharest,2025-07-20T07:00:00,2025-07-23T23:59:59,2025-07-20T07:00:00
Wroclaw,Eindhoven,2025-07-20T07:00:00,2025-07-23T23:59:59,2025-07-20T07:00:00
Wroclaw,London,2025-07-20T07:00:00,2025-07-23T23:59:59,2025-07-20T07:00:00
Wroclaw,Madrid,2025-07-20T07:00:00,2025-07-23T23:59:59,2025-07-20T07:00:00
Wroclaw,Nice,2025-07-20T07:00:00,2025-07-23T23:59:59,2025-07-20T07:00:00
Wroclaw,Split,2025-07-20T07:00:00,2025-07-23T23:59:59,2025-07-20T07:00:00
Yerevan,Abu Dhabi,2025-07-20T07:00:00,2025-07-23T23:59:59,2025-07-20T07:00:00
Yerevan,Budapest,2025-07-20T07:00:00,2025-07-23T23:59:59,2025-07-20T07:00:00
Yerevan,Dortmund,2025-07-20T07:00:00,2025-07-23T23:59:59,2025-07-20T07:00:00
Yerevan,Larnaca,2025-07-20T07:00:00,2025-07-23T23:59:59,2025-07-20T07:00:00
Yerevan,Milan,2025-07-20T07:00:00,2025-07-23T23:59:59,2025-07-20T07:00:00
Yerevan,Rome,2025-07-20T07:00:00,2025-07-23T23:59:59,2025-07-20T07:00:00
Yerevan,Sofia,2025-07-20T07:00:00,2025-07-23T23:59:59,2025-07-20T07:00:00
Yerevan,Vienna,2025-07-20T07:00:00,2025-07-23T23:59:59,2025-07-20T07:00:00
Zakinthos Island,Bucharest,2025-07-20T07:00:00,2025-07-23T23:59:59,2025-07-20T07:00:00
Zakinthos Island,Budapest,2025-07-20T07:00:00,2025-07-23T23:59:59,2025-07-20T07:00:00
Zakinthos Island,Cluj,2025-07-20T07:00:00,2025-07-23T23:59:59,2025-07-20T07:00:00
Zakinthos Island,Milan,2025-07-20T07:00:00,2025-07-23T23:59:59,2025-07-20T07:00:00
Zakinthos Island,Rome,2025-07-20T07:00:00,2025-07-23T23:59:59,2025-07-20T07:00:00
Zakinthos Island,Vienna,2025-07-20T07:00:00,2025-07-23T23:59:59,2025-07-20T07:00:00
Zakinthos Island,Warsaw,2025-07-20T07:00:00,2025-07-23T23:59:59,2025-07-20T07:00:00
Zaragoza,Rome,2025-07-20T07:00:00,2025-07-23T23:59:59,2025-07-20T07:00:00
